#,"Date Time, GMT-03:00",Temperature
1,7/19/18 18:00,28.122
2,7/19/18 18:05,28.122
3,7/19/18 18:10,28.122
4,7/19/18 18:15,28.122
5,7/19/18 18:20,28.122
6,7/19/18 18:25,28.122
7,7/19/18 18:30,28.122
8,7/19/18 18:35,28.097
9,7/19/18 18:40,28.097
10,7/19/18 18:45,28.097
11,7/19/18 18:50,28.072
12,7/19/18 18:55,28.072
13,7/19/18 19:00,28.072
14,7/19/18 19:05,28.072
15,7/19/18 19:10,28.048
16,7/19/18 19:15,28.048
17,7/19/18 19:20,28.023
18,7/19/18 19:25,28.023
19,7/19/18 19:30,28.023
20,7/19/18 19:35,27.998
21,7/19/18 19:40,27.974
22,7/19/18 19:45,27.974
23,7/19/18 19:50,27.974
24,7/19/18 19:55,27.949
25,7/19/18 20:00,27.949
26,7/19/18 20:05,27.949
27,7/19/18 20:10,27.924
28,7/19/18 20:15,27.924
29,7/19/18 20:20,27.924
30,7/19/18 20:25,27.899
31,7/19/18 20:30,27.924
32,7/19/18 20:35,27.899
33,7/19/18 20:40,27.899
34,7/19/18 20:45,27.899
35,7/19/18 20:50,27.899
36,7/19/18 20:55,27.875
37,7/19/18 21:00,27.875
38,7/19/18 21:05,27.875
39,7/19/18 21:10,27.85
40,7/19/18 21:15,27.825
41,7/19/18 21:20,27.825
42,7/19/18 21:25,27.801
43,7/19/18 21:30,27.825
44,7/19/18 21:35,27.801
45,7/19/18 21:40,27.801
46,7/19/18 21:45,27.801
47,7/19/18 21:50,27.801
48,7/19/18 21:55,27.776
49,7/19/18 22:00,27.776
50,7/19/18 22:05,27.751
51,7/19/18 22:10,27.776
52,7/19/18 22:15,27.751
53,7/19/18 22:20,27.751
54,7/19/18 22:25,27.751
55,7/19/18 22:30,27.751
56,7/19/18 22:35,27.727
57,7/19/18 22:40,27.751
58,7/19/18 22:45,27.727
59,7/19/18 22:50,27.727
60,7/19/18 22:55,27.702
61,7/19/18 23:00,27.702
62,7/19/18 23:05,27.702
63,7/19/18 23:10,27.702
64,7/19/18 23:15,27.702
65,7/19/18 23:20,27.677
66,7/19/18 23:25,27.677
67,7/19/18 23:30,27.677
68,7/19/18 23:35,27.677
69,7/19/18 23:40,27.653
70,7/19/18 23:45,27.653
71,7/19/18 23:50,27.653
72,7/19/18 23:55,27.653
73,7/20/18 0:00,27.653
74,7/20/18 0:05,27.628
75,7/20/18 0:10,27.653
76,7/20/18 0:15,27.653
77,7/20/18 0:20,27.653
78,7/20/18 0:25,27.628
79,7/20/18 0:30,27.628
80,7/20/18 0:35,27.628
81,7/20/18 0:40,27.628
82,7/20/18 0:45,27.604
83,7/20/18 0:50,27.628
84,7/20/18 0:55,27.604
85,7/20/18 1:00,27.628
86,7/20/18 1:05,27.604
87,7/20/18 1:10,27.628
88,7/20/18 1:15,27.604
89,7/20/18 1:20,27.604
90,7/20/18 1:25,27.604
91,7/20/18 1:30,27.628
92,7/20/18 1:35,27.604
93,7/20/18 1:40,27.628
94,7/20/18 1:45,27.604
95,7/20/18 1:50,27.604
96,7/20/18 1:55,27.579
97,7/20/18 2:00,27.604
98,7/20/18 2:05,27.604
99,7/20/18 2:10,27.579
100,7/20/18 2:15,27.604
101,7/20/18 2:20,27.604
102,7/20/18 2:25,27.579
103,7/20/18 2:30,27.579
104,7/20/18 2:35,27.579
105,7/20/18 2:40,27.579
106,7/20/18 2:45,27.604
107,7/20/18 2:50,27.604
108,7/20/18 2:55,27.604
109,7/20/18 3:00,27.579
110,7/20/18 3:05,27.579
111,7/20/18 3:10,27.604
112,7/20/18 3:15,27.579
113,7/20/18 3:20,27.579
114,7/20/18 3:25,27.579
115,7/20/18 3:30,27.579
116,7/20/18 3:35,27.579
117,7/20/18 3:40,27.554
118,7/20/18 3:45,27.554
119,7/20/18 3:50,27.579
120,7/20/18 3:55,27.554
121,7/20/18 4:00,27.554
122,7/20/18 4:05,27.554
123,7/20/18 4:10,27.554
124,7/20/18 4:15,27.554
125,7/20/18 4:20,27.53
126,7/20/18 4:25,27.53
127,7/20/18 4:30,27.53
128,7/20/18 4:35,27.53
129,7/20/18 4:40,27.53
130,7/20/18 4:45,27.53
131,7/20/18 4:50,27.53
132,7/20/18 4:55,27.53
133,7/20/18 5:00,27.505
134,7/20/18 5:05,27.53
135,7/20/18 5:10,27.505
136,7/20/18 5:15,27.505
137,7/20/18 5:20,27.53
138,7/20/18 5:25,27.53
139,7/20/18 5:30,27.505
140,7/20/18 5:35,27.505
141,7/20/18 5:40,27.481
142,7/20/18 5:45,27.505
143,7/20/18 5:50,27.505
144,7/20/18 5:55,27.481
145,7/20/18 6:00,27.505
146,7/20/18 6:05,27.481
147,7/20/18 6:10,27.481
148,7/20/18 6:15,27.481
149,7/20/18 6:20,27.456
150,7/20/18 6:25,27.456
151,7/20/18 6:30,27.456
152,7/20/18 6:35,27.456
153,7/20/18 6:40,27.456
154,7/20/18 6:45,27.407
155,7/20/18 6:50,27.431
156,7/20/18 6:55,27.431
157,7/20/18 7:00,27.407
158,7/20/18 7:05,27.407
159,7/20/18 7:10,27.407
160,7/20/18 7:15,27.407
161,7/20/18 7:20,27.382
162,7/20/18 7:25,27.382
163,7/20/18 7:30,27.382
164,7/20/18 7:35,27.382
165,7/20/18 7:40,27.382
166,7/20/18 7:45,27.407
167,7/20/18 7:50,27.407
168,7/20/18 7:55,27.382
169,7/20/18 8:00,27.358
170,7/20/18 8:05,27.358
171,7/20/18 8:10,27.358
172,7/20/18 8:15,27.358
173,7/20/18 8:20,27.358
174,7/20/18 8:25,27.358
175,7/20/18 8:30,27.382
176,7/20/18 8:35,27.382
177,7/20/18 8:40,27.431
178,7/20/18 8:45,27.431
179,7/20/18 8:50,27.431
180,7/20/18 8:55,27.431
181,7/20/18 9:00,27.456
182,7/20/18 9:05,27.456
183,7/20/18 9:10,27.456
184,7/20/18 9:15,27.481
185,7/20/18 9:20,27.481
186,7/20/18 9:25,27.481
187,7/20/18 9:30,27.505
188,7/20/18 9:35,27.53
189,7/20/18 9:40,27.53
190,7/20/18 9:45,27.554
191,7/20/18 9:50,27.579
192,7/20/18 9:55,27.579
193,7/20/18 10:00,27.579
194,7/20/18 10:05,27.579
195,7/20/18 10:10,27.628
196,7/20/18 10:15,27.628
197,7/20/18 10:20,27.653
198,7/20/18 10:25,27.677
199,7/20/18 10:30,27.677
200,7/20/18 10:35,27.702
201,7/20/18 10:40,27.727
202,7/20/18 10:45,27.751
203,7/20/18 10:50,27.727
204,7/20/18 10:55,27.776
205,7/20/18 11:00,27.801
206,7/20/18 11:05,27.85
207,7/20/18 11:10,27.85
208,7/20/18 11:15,27.85
209,7/20/18 11:20,27.85
210,7/20/18 11:25,27.875
211,7/20/18 11:30,27.899
212,7/20/18 11:35,27.924
213,7/20/18 11:40,27.924
214,7/20/18 11:45,27.924
215,7/20/18 11:50,27.949
216,7/20/18 11:55,27.949
217,7/20/18 12:00,27.974
218,7/20/18 12:05,27.974
219,7/20/18 12:10,27.998
220,7/20/18 12:15,28.023
221,7/20/18 12:20,28.072
222,7/20/18 12:25,28.072
223,7/20/18 12:30,28.122
224,7/20/18 12:35,28.147
225,7/20/18 12:40,28.147
226,7/20/18 12:45,28.196
227,7/20/18 12:50,28.221
228,7/20/18 12:55,28.221
229,7/20/18 13:00,28.27
230,7/20/18 13:05,28.27
231,7/20/18 13:10,28.32
232,7/20/18 13:15,28.345
233,7/20/18 13:20,28.32
234,7/20/18 13:25,28.369
235,7/20/18 13:30,28.444
236,7/20/18 13:35,28.468
237,7/20/18 13:40,28.568
238,7/20/18 13:45,28.493
239,7/20/18 13:50,28.444
240,7/20/18 13:55,28.419
241,7/20/18 14:00,28.468
242,7/20/18 14:05,28.568
243,7/20/18 14:10,28.568
244,7/20/18 14:15,28.543
245,7/20/18 14:20,28.468
246,7/20/18 14:25,28.468
247,7/20/18 14:30,28.444
248,7/20/18 14:35,28.444
249,7/20/18 14:40,28.444
250,7/20/18 14:45,28.419
251,7/20/18 14:50,28.419
252,7/20/18 14:55,28.394
253,7/20/18 15:00,28.369
254,7/20/18 15:05,28.369
255,7/20/18 15:10,28.394
256,7/20/18 15:15,28.369
257,7/20/18 15:20,28.369
258,7/20/18 15:25,28.369
259,7/20/18 15:30,28.345
260,7/20/18 15:35,28.345
261,7/20/18 15:40,28.32
262,7/20/18 15:45,28.345
263,7/20/18 15:50,28.345
264,7/20/18 15:55,28.345
265,7/20/18 16:00,28.32
266,7/20/18 16:05,28.32
267,7/20/18 16:10,28.32
268,7/20/18 16:15,28.295
269,7/20/18 16:20,28.295
270,7/20/18 16:25,28.295
271,7/20/18 16:30,28.295
272,7/20/18 16:35,28.32
273,7/20/18 16:40,28.32
274,7/20/18 16:45,28.32
275,7/20/18 16:50,28.295
276,7/20/18 16:55,28.27
277,7/20/18 17:00,28.295
278,7/20/18 17:05,28.27
279,7/20/18 17:10,28.27
280,7/20/18 17:15,28.27
281,7/20/18 17:20,28.27
282,7/20/18 17:25,28.27
283,7/20/18 17:30,28.295
284,7/20/18 17:35,28.245
285,7/20/18 17:40,28.345
286,7/20/18 17:45,28.32
287,7/20/18 17:50,28.295
288,7/20/18 17:55,28.295
289,7/20/18 18:00,28.295
290,7/20/18 18:05,28.27
291,7/20/18 18:10,28.27
292,7/20/18 18:15,28.245
293,7/20/18 18:20,28.245
294,7/20/18 18:25,28.221
295,7/20/18 18:30,28.221
296,7/20/18 18:35,28.196
297,7/20/18 18:40,28.196
298,7/20/18 18:45,28.196
299,7/20/18 18:50,28.196
300,7/20/18 18:55,28.196
301,7/20/18 19:00,28.196
302,7/20/18 19:05,28.196
303,7/20/18 19:10,28.171
304,7/20/18 19:15,28.171
305,7/20/18 19:20,28.171
306,7/20/18 19:25,28.171
307,7/20/18 19:30,28.171
308,7/20/18 19:35,28.171
309,7/20/18 19:40,28.171
310,7/20/18 19:45,28.147
311,7/20/18 19:50,28.147
312,7/20/18 19:55,28.147
313,7/20/18 20:00,28.147
314,7/20/18 20:05,28.122
315,7/20/18 20:10,28.147
316,7/20/18 20:15,28.122
317,7/20/18 20:20,28.122
318,7/20/18 20:25,28.122
319,7/20/18 20:30,28.097
320,7/20/18 20:35,28.072
321,7/20/18 20:40,28.072
322,7/20/18 20:45,28.072
323,7/20/18 20:50,28.072
324,7/20/18 20:55,28.072
325,7/20/18 21:00,28.072
326,7/20/18 21:05,28.072
327,7/20/18 21:10,28.048
328,7/20/18 21:15,28.048
329,7/20/18 21:20,28.048
330,7/20/18 21:25,28.048
331,7/20/18 21:30,28.023
332,7/20/18 21:35,28.023
333,7/20/18 21:40,28.023
334,7/20/18 21:45,28.048
335,7/20/18 21:50,28.023
336,7/20/18 21:55,27.998
337,7/20/18 22:00,28.023
338,7/20/18 22:05,28.023
339,7/20/18 22:10,28.023
340,7/20/18 22:15,28.023
341,7/20/18 22:20,27.998
342,7/20/18 22:25,27.998
343,7/20/18 22:30,27.998
344,7/20/18 22:35,27.974
345,7/20/18 22:40,27.998
346,7/20/18 22:45,27.998
347,7/20/18 22:50,28.023
348,7/20/18 22:55,27.998
349,7/20/18 23:00,27.998
350,7/20/18 23:05,27.998
351,7/20/18 23:10,27.998
352,7/20/18 23:15,27.974
353,7/20/18 23:20,27.974
354,7/20/18 23:25,27.949
355,7/20/18 23:30,27.974
356,7/20/18 23:35,27.949
357,7/20/18 23:40,27.949
358,7/20/18 23:45,27.949
359,7/20/18 23:50,27.949
360,7/20/18 23:55,27.924
361,7/21/18 0:00,27.949
362,7/21/18 0:05,27.924
363,7/21/18 0:10,27.924
364,7/21/18 0:15,27.875
365,7/21/18 0:20,27.899
366,7/21/18 0:25,27.899
367,7/21/18 0:30,27.875
368,7/21/18 0:35,27.875
369,7/21/18 0:40,27.85
370,7/21/18 0:45,27.85
371,7/21/18 0:50,27.85
372,7/21/18 0:55,27.825
373,7/21/18 1:00,27.825
374,7/21/18 1:05,27.825
375,7/21/18 1:10,27.801
376,7/21/18 1:15,27.801
377,7/21/18 1:20,27.776
378,7/21/18 1:25,27.776
379,7/21/18 1:30,27.776
380,7/21/18 1:35,27.751
381,7/21/18 1:40,27.751
382,7/21/18 1:45,27.727
383,7/21/18 1:50,27.727
384,7/21/18 1:55,27.727
385,7/21/18 2:00,27.727
386,7/21/18 2:05,27.727
387,7/21/18 2:10,27.702
388,7/21/18 2:15,27.702
389,7/21/18 2:20,27.677
390,7/21/18 2:25,27.677
391,7/21/18 2:30,27.653
392,7/21/18 2:35,27.677
393,7/21/18 2:40,27.677
394,7/21/18 2:45,27.677
395,7/21/18 2:50,27.677
396,7/21/18 2:55,27.677
397,7/21/18 3:00,27.677
398,7/21/18 3:05,27.677
399,7/21/18 3:10,27.677
400,7/21/18 3:15,27.702
401,7/21/18 3:20,27.702
402,7/21/18 3:25,27.677
403,7/21/18 3:30,27.653
404,7/21/18 3:35,27.677
405,7/21/18 3:40,27.677
406,7/21/18 3:45,27.653
407,7/21/18 3:50,27.677
408,7/21/18 3:55,27.677
409,7/21/18 4:00,27.653
410,7/21/18 4:05,27.677
411,7/21/18 4:10,27.677
412,7/21/18 4:15,27.653
413,7/21/18 4:20,27.653
414,7/21/18 4:25,27.653
415,7/21/18 4:30,27.653
416,7/21/18 4:35,27.628
417,7/21/18 4:40,27.653
418,7/21/18 4:45,27.628
419,7/21/18 4:50,27.628
420,7/21/18 4:55,27.628
421,7/21/18 5:00,27.628
422,7/21/18 5:05,27.604
423,7/21/18 5:10,27.628
424,7/21/18 5:15,27.579
425,7/21/18 5:20,27.604
426,7/21/18 5:25,27.579
427,7/21/18 5:30,27.604
428,7/21/18 5:35,27.579
429,7/21/18 5:40,27.579
430,7/21/18 5:45,27.554
431,7/21/18 5:50,27.554
432,7/21/18 5:55,27.53
433,7/21/18 6:00,27.505
434,7/21/18 6:05,27.53
435,7/21/18 6:10,27.505
436,7/21/18 6:15,27.505
437,7/21/18 6:20,27.505
438,7/21/18 6:25,27.505
439,7/21/18 6:30,27.505
440,7/21/18 6:35,27.481
441,7/21/18 6:40,27.481
442,7/21/18 6:45,27.456
443,7/21/18 6:50,27.431
444,7/21/18 6:55,27.431
445,7/21/18 7:00,27.431
446,7/21/18 7:05,27.407
447,7/21/18 7:10,27.382
448,7/21/18 7:15,27.382
449,7/21/18 7:20,27.382
450,7/21/18 7:25,27.407
451,7/21/18 7:30,27.382
452,7/21/18 7:35,27.358
453,7/21/18 7:40,27.358
454,7/21/18 7:45,27.358
455,7/21/18 7:50,27.358
456,7/21/18 7:55,27.382
457,7/21/18 8:00,27.358
458,7/21/18 8:05,27.333
459,7/21/18 8:10,27.358
460,7/21/18 8:15,27.358
461,7/21/18 8:20,27.333
462,7/21/18 8:25,27.358
463,7/21/18 8:30,27.358
464,7/21/18 8:35,27.333
465,7/21/18 8:40,27.333
466,7/21/18 8:45,27.333
467,7/21/18 8:50,27.358
468,7/21/18 8:55,27.333
469,7/21/18 9:00,27.358
470,7/21/18 9:05,27.358
471,7/21/18 9:10,27.358
472,7/21/18 9:15,27.358
473,7/21/18 9:20,27.358
474,7/21/18 9:25,27.382
475,7/21/18 9:30,27.382
476,7/21/18 9:35,27.407
477,7/21/18 9:40,27.431
478,7/21/18 9:45,27.407
479,7/21/18 9:50,27.431
480,7/21/18 9:55,27.431
481,7/21/18 10:00,27.407
482,7/21/18 10:05,27.431
483,7/21/18 10:10,27.456
484,7/21/18 10:15,27.456
485,7/21/18 10:20,27.456
486,7/21/18 10:25,27.481
487,7/21/18 10:30,27.505
488,7/21/18 10:35,27.53
489,7/21/18 10:40,27.505
490,7/21/18 10:45,27.554
491,7/21/18 10:50,27.579
492,7/21/18 10:55,27.653
493,7/21/18 11:00,27.653
494,7/21/18 11:05,27.677
495,7/21/18 11:10,27.677
496,7/21/18 11:15,27.702
497,7/21/18 11:20,27.677
498,7/21/18 11:25,27.751
499,7/21/18 11:30,27.776
500,7/21/18 11:35,27.751
501,7/21/18 11:40,27.751
502,7/21/18 11:45,27.751
503,7/21/18 11:50,27.825
504,7/21/18 11:55,27.825
505,7/21/18 12:00,27.825
506,7/21/18 12:05,27.85
507,7/21/18 12:10,27.85
508,7/21/18 12:15,27.899
509,7/21/18 12:20,27.899
510,7/21/18 12:25,27.899
511,7/21/18 12:30,27.924
512,7/21/18 12:35,27.974
513,7/21/18 12:40,27.949
514,7/21/18 12:45,28.023
515,7/21/18 12:50,28.097
516,7/21/18 12:55,28.023
517,7/21/18 13:00,28.023
518,7/21/18 13:05,28.048
519,7/21/18 13:10,28.072
520,7/21/18 13:15,28.171
521,7/21/18 13:20,28.221
522,7/21/18 13:25,28.27
523,7/21/18 13:30,28.221
524,7/21/18 13:35,28.245
525,7/21/18 13:40,28.221
526,7/21/18 13:45,28.345
527,7/21/18 13:50,28.419
528,7/21/18 13:55,28.444
529,7/21/18 14:00,28.493
530,7/21/18 14:05,28.568
531,7/21/18 14:10,28.593
532,7/21/18 14:15,28.642
533,7/21/18 14:20,28.667
534,7/21/18 14:25,28.642
535,7/21/18 14:30,28.667
536,7/21/18 14:35,28.791
537,7/21/18 14:40,28.891
538,7/21/18 14:45,28.965
539,7/21/18 14:50,29.065
540,7/21/18 14:55,29.04
541,7/21/18 15:00,28.891
542,7/21/18 15:05,28.816
543,7/21/18 15:10,28.766
544,7/21/18 15:15,28.866
545,7/21/18 15:20,28.941
546,7/21/18 15:25,28.916
547,7/21/18 15:30,28.891
548,7/21/18 15:35,28.816
549,7/21/18 15:40,28.791
550,7/21/18 15:45,28.742
551,7/21/18 15:50,28.717
552,7/21/18 15:55,28.717
553,7/21/18 16:00,28.692
554,7/21/18 16:05,28.667
555,7/21/18 16:10,28.642
556,7/21/18 16:15,28.617
557,7/21/18 16:20,28.593
558,7/21/18 16:25,28.568
559,7/21/18 16:30,28.568
560,7/21/18 16:35,28.518
561,7/21/18 16:40,28.543
562,7/21/18 16:45,28.493
563,7/21/18 16:50,28.468
564,7/21/18 16:55,28.468
565,7/21/18 17:00,28.419
566,7/21/18 17:05,28.419
567,7/21/18 17:10,28.419
568,7/21/18 17:15,28.394
569,7/21/18 17:20,28.345
570,7/21/18 17:25,28.345
571,7/21/18 17:30,28.345
572,7/21/18 17:35,28.369
573,7/21/18 17:40,28.32
574,7/21/18 17:45,28.295
575,7/21/18 17:50,28.32
576,7/21/18 17:55,28.543
577,7/21/18 18:00,28.444
578,7/21/18 18:05,28.345
579,7/21/18 18:10,28.32
580,7/21/18 18:15,28.27
581,7/21/18 18:20,28.245
582,7/21/18 18:25,28.245
583,7/21/18 18:30,28.245
584,7/21/18 18:35,28.221
585,7/21/18 18:40,28.196
586,7/21/18 18:45,28.196
587,7/21/18 18:50,28.196
588,7/21/18 18:55,28.171
589,7/21/18 19:00,28.171
590,7/21/18 19:05,28.171
591,7/21/18 19:10,28.122
592,7/21/18 19:15,28.122
593,7/21/18 19:20,28.147
594,7/21/18 19:25,28.122
595,7/21/18 19:30,28.097
596,7/21/18 19:35,28.072
597,7/21/18 19:40,28.072
598,7/21/18 19:45,28.048
599,7/21/18 19:50,28.048
600,7/21/18 19:55,28.048
601,7/21/18 20:00,28.023
602,7/21/18 20:05,27.998
603,7/21/18 20:10,28.023
604,7/21/18 20:15,28.023
605,7/21/18 20:20,28.023
606,7/21/18 20:25,27.998
607,7/21/18 20:30,27.998
608,7/21/18 20:35,27.998
609,7/21/18 20:40,27.949
610,7/21/18 20:45,27.949
611,7/21/18 20:50,27.949
612,7/21/18 20:55,27.924
613,7/21/18 21:00,27.924
614,7/21/18 21:05,27.924
615,7/21/18 21:10,27.924
616,7/21/18 21:15,27.924
617,7/21/18 21:20,27.924
618,7/21/18 21:25,27.899
619,7/21/18 21:30,27.924
620,7/21/18 21:35,27.924
621,7/21/18 21:40,27.924
622,7/21/18 21:45,27.924
623,7/21/18 21:50,27.899
624,7/21/18 21:55,27.899
625,7/21/18 22:00,27.899
626,7/21/18 22:05,27.875
627,7/21/18 22:10,27.875
628,7/21/18 22:15,27.85
629,7/21/18 22:20,27.85
630,7/21/18 22:25,27.85
631,7/21/18 22:30,27.825
632,7/21/18 22:35,27.825
633,7/21/18 22:40,27.801
634,7/21/18 22:45,27.801
635,7/21/18 22:50,27.801
636,7/21/18 22:55,27.776
637,7/21/18 23:00,27.801
638,7/21/18 23:05,27.801
639,7/21/18 23:10,27.801
640,7/21/18 23:15,27.801
641,7/21/18 23:20,27.801
642,7/21/18 23:25,27.776
643,7/21/18 23:30,27.776
644,7/21/18 23:35,27.776
645,7/21/18 23:40,27.776
646,7/21/18 23:45,27.776
647,7/21/18 23:50,27.776
648,7/21/18 23:55,27.751
649,7/22/18 0:00,27.751
650,7/22/18 0:05,27.751
651,7/22/18 0:10,27.751
652,7/22/18 0:15,27.751
653,7/22/18 0:20,27.751
654,7/22/18 0:25,27.751
655,7/22/18 0:30,27.727
656,7/22/18 0:35,27.727
657,7/22/18 0:40,27.727
658,7/22/18 0:45,27.702
659,7/22/18 0:50,27.727
660,7/22/18 0:55,27.702
661,7/22/18 1:00,27.702
662,7/22/18 1:05,27.727
663,7/22/18 1:10,27.677
664,7/22/18 1:15,27.677
665,7/22/18 1:20,27.653
666,7/22/18 1:25,27.677
667,7/22/18 1:30,27.653
668,7/22/18 1:35,27.653
669,7/22/18 1:40,27.628
670,7/22/18 1:45,27.653
671,7/22/18 1:50,27.653
672,7/22/18 1:55,27.628
673,7/22/18 2:00,27.628
674,7/22/18 2:05,27.653
675,7/22/18 2:10,27.628
676,7/22/18 2:15,27.604
677,7/22/18 2:20,27.628
678,7/22/18 2:25,27.604
679,7/22/18 2:30,27.579
680,7/22/18 2:35,27.579
681,7/22/18 2:40,27.579
682,7/22/18 2:45,27.579
683,7/22/18 2:50,27.579
684,7/22/18 2:55,27.554
685,7/22/18 3:00,27.554
686,7/22/18 3:05,27.554
687,7/22/18 3:10,27.554
688,7/22/18 3:15,27.554
689,7/22/18 3:20,27.53
690,7/22/18 3:25,27.505
691,7/22/18 3:30,27.505
692,7/22/18 3:35,27.53
693,7/22/18 3:40,27.53
694,7/22/18 3:45,27.505
695,7/22/18 3:50,27.481
696,7/22/18 3:55,27.481
697,7/22/18 4:00,27.481
698,7/22/18 4:05,27.456
699,7/22/18 4:10,27.456
700,7/22/18 4:15,27.456
701,7/22/18 4:20,27.431
702,7/22/18 4:25,27.456
703,7/22/18 4:30,27.456
704,7/22/18 4:35,27.431
705,7/22/18 4:40,27.431
706,7/22/18 4:45,27.407
707,7/22/18 4:50,27.407
708,7/22/18 4:55,27.382
709,7/22/18 5:00,27.407
710,7/22/18 5:05,27.407
711,7/22/18 5:10,27.407
712,7/22/18 5:15,27.407
713,7/22/18 5:20,27.382
714,7/22/18 5:25,27.382
715,7/22/18 5:30,27.382
716,7/22/18 5:35,27.382
717,7/22/18 5:40,27.358
718,7/22/18 5:45,27.407
719,7/22/18 5:50,27.358
720,7/22/18 5:55,27.358
721,7/22/18 6:00,27.358
722,7/22/18 6:05,27.382
723,7/22/18 6:10,27.358
724,7/22/18 6:15,27.333
725,7/22/18 6:20,27.333
726,7/22/18 6:25,27.333
727,7/22/18 6:30,27.358
728,7/22/18 6:35,27.358
729,7/22/18 6:40,27.333
730,7/22/18 6:45,27.333
731,7/22/18 6:50,27.358
732,7/22/18 6:55,27.308
733,7/22/18 7:00,27.333
734,7/22/18 7:05,27.333
735,7/22/18 7:10,27.333
736,7/22/18 7:15,27.333
737,7/22/18 7:20,27.333
738,7/22/18 7:25,27.333
739,7/22/18 7:30,27.333
740,7/22/18 7:35,27.333
741,7/22/18 7:40,27.333
742,7/22/18 7:45,27.358
743,7/22/18 7:50,27.358
744,7/22/18 7:55,27.358
745,7/22/18 8:00,27.382
746,7/22/18 8:05,27.382
747,7/22/18 8:10,27.382
748,7/22/18 8:15,27.382
749,7/22/18 8:20,27.407
750,7/22/18 8:25,27.407
751,7/22/18 8:30,27.431
752,7/22/18 8:35,27.456
753,7/22/18 8:40,27.481
754,7/22/18 8:45,27.481
755,7/22/18 8:50,27.53
756,7/22/18 8:55,27.53
757,7/22/18 9:00,27.579
758,7/22/18 9:05,27.604
759,7/22/18 9:10,27.628
760,7/22/18 9:15,27.653
761,7/22/18 9:20,27.677
762,7/22/18 9:25,27.702
763,7/22/18 9:30,27.727
764,7/22/18 9:35,27.801
765,7/22/18 9:40,27.85
766,7/22/18 9:45,27.875
767,7/22/18 9:50,27.899
768,7/22/18 9:55,27.899
769,7/22/18 10:00,27.974
770,7/22/18 10:05,28.023
771,7/22/18 10:10,28.072
772,7/22/18 10:15,28.097
773,7/22/18 10:20,28.171
774,7/22/18 10:25,28.147
775,7/22/18 10:30,28.221
776,7/22/18 10:35,28.245
777,7/22/18 10:40,28.27
778,7/22/18 10:45,28.32
779,7/22/18 10:50,28.369
780,7/22/18 10:55,28.394
781,7/22/18 11:00,28.468
782,7/22/18 11:05,28.468
783,7/22/18 11:10,28.468
784,7/22/18 11:15,28.518
785,7/22/18 11:20,28.568
786,7/22/18 11:25,28.518
787,7/22/18 11:30,28.593
788,7/22/18 11:35,28.593
789,7/22/18 11:40,28.543
790,7/22/18 11:45,28.642
791,7/22/18 11:50,28.692
792,7/22/18 11:55,28.742
793,7/22/18 12:00,28.766
794,7/22/18 12:05,28.816
795,7/22/18 12:10,28.866
796,7/22/18 12:15,28.891
797,7/22/18 12:20,28.941
798,7/22/18 12:25,28.99
799,7/22/18 12:30,29.04
800,7/22/18 12:35,28.99
801,7/22/18 12:40,29.115
802,7/22/18 12:45,29.165
803,7/22/18 12:50,29.19
804,7/22/18 12:55,29.24
805,7/22/18 13:00,29.29
806,7/22/18 13:05,29.315
807,7/22/18 13:10,29.34
808,7/22/18 13:15,29.414
809,7/22/18 13:20,29.414
810,7/22/18 13:25,29.414
811,7/22/18 13:30,29.515
812,7/22/18 13:35,29.49
813,7/22/18 13:40,29.515
814,7/22/18 13:45,29.59
815,7/22/18 13:50,29.665
816,7/22/18 13:55,29.715
817,7/22/18 14:00,29.74
818,7/22/18 14:05,29.64
819,7/22/18 14:10,29.79
820,7/22/18 14:15,29.815
821,7/22/18 14:20,29.89
822,7/22/18 14:25,29.916
823,7/22/18 14:30,29.966
824,7/22/18 14:35,30.016
825,7/22/18 14:40,30.117
826,7/22/18 14:45,30.217
827,7/22/18 14:50,30.293
828,7/22/18 14:55,30.343
829,7/22/18 15:00,30.268
830,7/22/18 15:05,30.293
831,7/22/18 15:10,30.318
832,7/22/18 15:15,29.991
833,7/22/18 15:20,30.217
834,7/22/18 15:25,30.167
835,7/22/18 15:30,30.117
836,7/22/18 15:35,30.066
837,7/22/18 15:40,30.041
838,7/22/18 15:45,29.991
839,7/22/18 15:50,30.016
840,7/22/18 15:55,29.916
841,7/22/18 16:00,29.89
842,7/22/18 16:05,29.84
843,7/22/18 16:10,29.79
844,7/22/18 16:15,29.765
845,7/22/18 16:20,29.74
846,7/22/18 16:25,29.715
847,7/22/18 16:30,29.665
848,7/22/18 16:35,29.665
849,7/22/18 16:40,29.64
850,7/22/18 16:45,29.64
851,7/22/18 16:50,29.59
852,7/22/18 16:55,29.565
853,7/22/18 17:00,29.464
854,7/22/18 17:05,29.389
855,7/22/18 17:10,29.365
856,7/22/18 17:15,29.315
857,7/22/18 17:20,29.315
858,7/22/18 17:25,29.265
859,7/22/18 17:30,29.29
860,7/22/18 17:35,29.29
861,7/22/18 17:40,29.315
862,7/22/18 17:45,29.24
863,7/22/18 17:50,29.215
864,7/22/18 17:55,29.49
865,7/22/18 18:00,29.29
866,7/22/18 18:05,29.265
867,7/22/18 18:10,29.14
868,7/22/18 18:15,29.065
869,7/22/18 18:20,29.065
870,7/22/18 18:25,29.04
871,7/22/18 18:30,28.99
872,7/22/18 18:35,28.99
873,7/22/18 18:40,28.965
874,7/22/18 18:45,28.916
875,7/22/18 18:50,28.891
876,7/22/18 18:55,28.866
877,7/22/18 19:00,28.841
878,7/22/18 19:05,28.791
879,7/22/18 19:10,28.766
880,7/22/18 19:15,28.717
881,7/22/18 19:20,28.692
882,7/22/18 19:25,28.667
883,7/22/18 19:30,28.642
884,7/22/18 19:35,28.593
885,7/22/18 19:40,28.568
886,7/22/18 19:45,28.518
887,7/22/18 19:50,28.493
888,7/22/18 19:55,28.468
889,7/22/18 20:00,28.444
890,7/22/18 20:05,28.444
891,7/22/18 20:10,28.444
892,7/22/18 20:15,28.419
893,7/22/18 20:20,28.394
894,7/22/18 20:25,28.394
895,7/22/18 20:30,28.369
896,7/22/18 20:35,28.369
897,7/22/18 20:40,28.345
898,7/22/18 20:45,28.345
899,7/22/18 20:50,28.345
900,7/22/18 20:55,28.345
901,7/22/18 21:00,28.32
902,7/22/18 21:05,28.295
903,7/22/18 21:10,28.295
904,7/22/18 21:15,28.295
905,7/22/18 21:20,28.295
906,7/22/18 21:25,28.27
907,7/22/18 21:30,28.27
908,7/22/18 21:35,28.245
909,7/22/18 21:40,28.245
910,7/22/18 21:45,28.245
911,7/22/18 21:50,28.221
912,7/22/18 21:55,28.196
913,7/22/18 22:00,28.196
914,7/22/18 22:05,28.196
915,7/22/18 22:10,28.171
916,7/22/18 22:15,28.171
917,7/22/18 22:20,28.171
918,7/22/18 22:25,28.171
919,7/22/18 22:30,28.122
920,7/22/18 22:35,28.147
921,7/22/18 22:40,28.147
922,7/22/18 22:45,28.122
923,7/22/18 22:50,28.122
924,7/22/18 22:55,28.122
925,7/22/18 23:00,28.097
926,7/22/18 23:05,28.097
927,7/22/18 23:10,28.072
928,7/22/18 23:15,28.072
929,7/22/18 23:20,28.048
930,7/22/18 23:25,28.048
931,7/22/18 23:30,28.023
932,7/22/18 23:35,28.048
933,7/22/18 23:40,27.998
934,7/22/18 23:45,27.998
935,7/22/18 23:50,27.974
936,7/22/18 23:55,27.974
937,7/23/18 0:00,27.949
938,7/23/18 0:05,27.924
939,7/23/18 0:10,27.949
940,7/23/18 0:15,27.924
941,7/23/18 0:20,27.924
942,7/23/18 0:25,27.924
943,7/23/18 0:30,27.924
944,7/23/18 0:35,27.924
945,7/23/18 0:40,27.924
946,7/23/18 0:45,27.899
947,7/23/18 0:50,27.924
948,7/23/18 0:55,27.875
949,7/23/18 1:00,27.899
950,7/23/18 1:05,27.875
951,7/23/18 1:10,27.825
952,7/23/18 1:15,27.825
953,7/23/18 1:20,27.801
954,7/23/18 1:25,27.727
955,7/23/18 1:30,27.702
956,7/23/18 1:35,27.653
957,7/23/18 1:40,27.604
958,7/23/18 1:45,27.604
959,7/23/18 1:50,27.604
960,7/23/18 1:55,27.579
961,7/23/18 2:00,27.554
962,7/23/18 2:05,27.53
963,7/23/18 2:10,27.505
964,7/23/18 2:15,27.53
965,7/23/18 2:20,27.505
966,7/23/18 2:25,27.505
967,7/23/18 2:30,27.481
968,7/23/18 2:35,27.481
969,7/23/18 2:40,27.481
970,7/23/18 2:45,27.481
971,7/23/18 2:50,27.456
972,7/23/18 2:55,27.456
973,7/23/18 3:00,27.456
974,7/23/18 3:05,27.456
975,7/23/18 3:10,27.456
976,7/23/18 3:15,27.481
977,7/23/18 3:20,27.456
978,7/23/18 3:25,27.456
979,7/23/18 3:30,27.456
980,7/23/18 3:35,27.481
981,7/23/18 3:40,27.481
982,7/23/18 3:45,27.456
983,7/23/18 3:50,27.481
984,7/23/18 3:55,27.456
985,7/23/18 4:00,27.456
986,7/23/18 4:05,27.481
987,7/23/18 4:10,27.481
988,7/23/18 4:15,27.481
989,7/23/18 4:20,27.481
990,7/23/18 4:25,27.481
991,7/23/18 4:30,27.481
992,7/23/18 4:35,27.481
993,7/23/18 4:40,27.481
994,7/23/18 4:45,27.456
995,7/23/18 4:50,27.481
996,7/23/18 4:55,27.481
997,7/23/18 5:00,27.456
998,7/23/18 5:05,27.431
999,7/23/18 5:10,27.407
1000,7/23/18 5:15,27.358
1001,7/23/18 5:20,27.358
1002,7/23/18 5:25,27.382
1003,7/23/18 5:30,27.382
1004,7/23/18 5:35,27.358
1005,7/23/18 5:40,27.382
1006,7/23/18 5:45,27.358
1007,7/23/18 5:50,27.358
1008,7/23/18 5:55,27.382
1009,7/23/18 6:00,27.382
1010,7/23/18 6:05,27.358
1011,7/23/18 6:10,27.382
1012,7/23/18 6:15,27.358
1013,7/23/18 6:20,27.382
1014,7/23/18 6:25,27.358
1015,7/23/18 6:30,27.382
1016,7/23/18 6:35,27.358
1017,7/23/18 6:40,27.358
1018,7/23/18 6:45,27.358
1019,7/23/18 6:50,27.382
1020,7/23/18 6:55,27.382
1021,7/23/18 7:00,27.382
1022,7/23/18 7:05,27.358
1023,7/23/18 7:10,27.358
1024,7/23/18 7:15,27.382
1025,7/23/18 7:20,27.382
1026,7/23/18 7:25,27.358
1027,7/23/18 7:30,27.358
1028,7/23/18 7:35,27.382
1029,7/23/18 7:40,27.382
1030,7/23/18 7:45,27.382
1031,7/23/18 7:50,27.407
1032,7/23/18 7:55,27.431
1033,7/23/18 8:00,27.431
1034,7/23/18 8:05,27.431
1035,7/23/18 8:10,27.456
1036,7/23/18 8:15,27.431
1037,7/23/18 8:20,27.456
1038,7/23/18 8:25,27.481
1039,7/23/18 8:30,27.505
1040,7/23/18 8:35,27.53
1041,7/23/18 8:40,27.53
1042,7/23/18 8:45,27.53
1043,7/23/18 8:50,27.554
1044,7/23/18 8:55,27.554
1045,7/23/18 9:00,27.579
1046,7/23/18 9:05,27.604
1047,7/23/18 9:10,27.628
1048,7/23/18 9:15,27.677
1049,7/23/18 9:20,27.702
1050,7/23/18 9:25,27.751
1051,7/23/18 9:30,27.801
1052,7/23/18 9:35,27.825
1053,7/23/18 9:40,27.85
1054,7/23/18 9:45,27.801
1055,7/23/18 9:50,27.875
1056,7/23/18 9:55,27.949
1057,7/23/18 10:00,27.998
1058,7/23/18 10:05,28.023
1059,7/23/18 10:10,28.072
1060,7/23/18 10:15,28.097
1061,7/23/18 10:20,28.171
1062,7/23/18 10:25,28.171
1063,7/23/18 10:30,28.221
1064,7/23/18 10:35,28.27
1065,7/23/18 10:40,28.32
1066,7/23/18 10:45,28.245
1067,7/23/18 10:50,28.245
1068,7/23/18 10:55,28.369
1069,7/23/18 11:00,28.369
1070,7/23/18 11:05,28.419
1071,7/23/18 11:10,28.468
1072,7/23/18 11:15,28.493
1073,7/23/18 11:20,28.543
1074,7/23/18 11:25,28.593
1075,7/23/18 11:30,28.667
1076,7/23/18 11:35,28.692
1077,7/23/18 11:40,28.742
1078,7/23/18 11:45,28.766
1079,7/23/18 11:50,28.816
1080,7/23/18 11:55,28.816
1081,7/23/18 12:00,28.866
1082,7/23/18 12:05,28.891
1083,7/23/18 12:10,28.941
1084,7/23/18 12:15,28.965
1085,7/23/18 12:20,29.015
1086,7/23/18 12:25,29.09
1087,7/23/18 12:30,29.14
1088,7/23/18 12:35,29.19
1089,7/23/18 12:40,29.215
1090,7/23/18 12:45,29.265
1091,7/23/18 12:50,29.315
1092,7/23/18 12:55,29.315
1093,7/23/18 13:00,29.315
1094,7/23/18 13:05,29.34
1095,7/23/18 13:10,29.414
1096,7/23/18 13:15,29.464
1097,7/23/18 13:20,29.49
1098,7/23/18 13:25,29.54
1099,7/23/18 13:30,29.59
1100,7/23/18 13:35,29.64
1101,7/23/18 13:40,29.665
1102,7/23/18 13:45,29.69
1103,7/23/18 13:50,29.765
1104,7/23/18 13:55,29.79
1105,7/23/18 14:00,29.84
1106,7/23/18 14:05,29.89
1107,7/23/18 14:10,29.916
1108,7/23/18 14:15,29.916
1109,7/23/18 14:20,29.966
1110,7/23/18 14:25,29.966
1111,7/23/18 14:30,30.066
1112,7/23/18 14:35,30.142
1113,7/23/18 14:40,30.243
1114,7/23/18 14:45,30.217
1115,7/23/18 14:50,29.991
1116,7/23/18 14:55,30.041
1117,7/23/18 15:00,29.916
1118,7/23/18 15:05,29.865
1119,7/23/18 15:10,29.966
1120,7/23/18 15:15,30.091
1121,7/23/18 15:20,29.966
1122,7/23/18 15:25,30.041
1123,7/23/18 15:30,30.016
1124,7/23/18 15:35,29.991
1125,7/23/18 15:40,29.941
1126,7/23/18 15:45,29.916
1127,7/23/18 15:50,29.84
1128,7/23/18 15:55,29.79
1129,7/23/18 16:00,29.79
1130,7/23/18 16:05,29.74
1131,7/23/18 16:10,29.715
1132,7/23/18 16:15,29.69
1133,7/23/18 16:20,29.69
1134,7/23/18 16:25,29.64
1135,7/23/18 16:30,29.64
1136,7/23/18 16:35,29.59
1137,7/23/18 16:40,29.565
1138,7/23/18 16:45,29.54
1139,7/23/18 16:50,29.515
1140,7/23/18 16:55,29.464
1141,7/23/18 17:00,29.464
1142,7/23/18 17:05,29.439
1143,7/23/18 17:10,29.414
1144,7/23/18 17:15,29.365
1145,7/23/18 17:20,29.365
1146,7/23/18 17:25,29.315
1147,7/23/18 17:30,29.315
1148,7/23/18 17:35,29.414
1149,7/23/18 17:40,29.365
1150,7/23/18 17:45,29.29
1151,7/23/18 17:50,29.265
1152,7/23/18 17:55,29.464
1153,7/23/18 18:00,29.365
1154,7/23/18 18:05,29.389
1155,7/23/18 18:10,29.215
1156,7/23/18 18:15,29.165
1157,7/23/18 18:20,29.14
1158,7/23/18 18:25,29.115
1159,7/23/18 18:30,29.09
1160,7/23/18 18:35,29.04
1161,7/23/18 18:40,29.015
1162,7/23/18 18:45,28.99
1163,7/23/18 18:50,28.99
1164,7/23/18 18:55,28.99
1165,7/23/18 19:00,28.965
1166,7/23/18 19:05,28.941
1167,7/23/18 19:10,28.941
1168,7/23/18 19:15,28.916
1169,7/23/18 19:20,28.891
1170,7/23/18 19:25,28.866
1171,7/23/18 19:30,28.841
1172,7/23/18 19:35,28.816
1173,7/23/18 19:40,28.816
1174,7/23/18 19:45,28.791
1175,7/23/18 19:50,28.791
1176,7/23/18 19:55,28.766
1177,7/23/18 20:00,28.766
1178,7/23/18 20:05,28.742
1179,7/23/18 20:10,28.742
1180,7/23/18 20:15,28.717
1181,7/23/18 20:20,28.692
1182,7/23/18 20:25,28.692
1183,7/23/18 20:30,28.667
1184,7/23/18 20:35,28.692
1185,7/23/18 20:40,28.642
1186,7/23/18 20:45,28.642
1187,7/23/18 20:50,28.642
1188,7/23/18 20:55,28.617
1189,7/23/18 21:00,28.593
1190,7/23/18 21:05,28.593
1191,7/23/18 21:10,28.593
1192,7/23/18 21:15,28.568
1193,7/23/18 21:20,28.568
1194,7/23/18 21:25,28.543
1195,7/23/18 21:30,28.518
1196,7/23/18 21:35,28.518
1197,7/23/18 21:40,28.518
1198,7/23/18 21:45,28.518
1199,7/23/18 21:50,28.493
1200,7/23/18 21:55,28.468
1201,7/23/18 22:00,28.444
1202,7/23/18 22:05,28.444
1203,7/23/18 22:10,28.444
1204,7/23/18 22:15,28.369
1205,7/23/18 22:20,28.369
1206,7/23/18 22:25,28.345
1207,7/23/18 22:30,28.27
1208,7/23/18 22:35,28.295
1209,7/23/18 22:40,28.295
1210,7/23/18 22:45,28.295
1211,7/23/18 22:50,28.27
1212,7/23/18 22:55,28.171
1213,7/23/18 23:00,28.171
1214,7/23/18 23:05,28.147
1215,7/23/18 23:10,28.147
1216,7/23/18 23:15,28.122
1217,7/23/18 23:20,28.122
1218,7/23/18 23:25,28.097
1219,7/23/18 23:30,28.097
1220,7/23/18 23:35,28.097
1221,7/23/18 23:40,28.072
1222,7/23/18 23:45,28.072
1223,7/23/18 23:50,28.072
1224,7/23/18 23:55,28.048
1225,7/24/18 0:00,28.048
1226,7/24/18 0:05,28.023
1227,7/24/18 0:10,28.023
1228,7/24/18 0:15,28.023
1229,7/24/18 0:20,28.023
1230,7/24/18 0:25,27.998
1231,7/24/18 0:30,28.023
1232,7/24/18 0:35,28.023
1233,7/24/18 0:40,28.023
1234,7/24/18 0:45,28.023
1235,7/24/18 0:50,27.998
1236,7/24/18 0:55,27.998
1237,7/24/18 1:00,27.974
1238,7/24/18 1:05,27.998
1239,7/24/18 1:10,27.998
1240,7/24/18 1:15,27.998
1241,7/24/18 1:20,27.974
1242,7/24/18 1:25,27.998
1243,7/24/18 1:30,27.974
1244,7/24/18 1:35,27.949
1245,7/24/18 1:40,27.949
1246,7/24/18 1:45,27.949
1247,7/24/18 1:50,27.949
1248,7/24/18 1:55,27.924
1249,7/24/18 2:00,27.899
1250,7/24/18 2:05,27.924
1251,7/24/18 2:10,27.924
1252,7/24/18 2:15,27.875
1253,7/24/18 2:20,27.85
1254,7/24/18 2:25,27.85
1255,7/24/18 2:30,27.825
1256,7/24/18 2:35,27.85
1257,7/24/18 2:40,27.85
1258,7/24/18 2:45,27.825
1259,7/24/18 2:50,27.825
1260,7/24/18 2:55,27.825
1261,7/24/18 3:00,27.825
1262,7/24/18 3:05,27.801
1263,7/24/18 3:10,27.801
1264,7/24/18 3:15,27.801
1265,7/24/18 3:20,27.825
1266,7/24/18 3:25,27.801
1267,7/24/18 3:30,27.801
1268,7/24/18 3:35,27.801
1269,7/24/18 3:40,27.801
1270,7/24/18 3:45,27.801
1271,7/24/18 3:50,27.801
1272,7/24/18 3:55,27.801
1273,7/24/18 4:00,27.801
1274,7/24/18 4:05,27.776
1275,7/24/18 4:10,27.776
1276,7/24/18 4:15,27.776
1277,7/24/18 4:20,27.751
1278,7/24/18 4:25,27.751
1279,7/24/18 4:30,27.727
1280,7/24/18 4:35,27.702
1281,7/24/18 4:40,27.677
1282,7/24/18 4:45,27.653
1283,7/24/18 4:50,27.628
1284,7/24/18 4:55,27.604
1285,7/24/18 5:00,27.579
1286,7/24/18 5:05,27.579
1287,7/24/18 5:10,27.53
1288,7/24/18 5:15,27.53
1289,7/24/18 5:20,27.481
1290,7/24/18 5:25,27.456
1291,7/24/18 5:30,27.456
1292,7/24/18 5:35,27.431
1293,7/24/18 5:40,27.431
1294,7/24/18 5:45,27.407
1295,7/24/18 5:50,27.382
1296,7/24/18 5:55,27.382
1297,7/24/18 6:00,27.382
1298,7/24/18 6:05,27.382
1299,7/24/18 6:10,27.382
1300,7/24/18 6:15,27.382
1301,7/24/18 6:20,27.358
1302,7/24/18 6:25,27.382
1303,7/24/18 6:30,27.382
1304,7/24/18 6:35,27.407
1305,7/24/18 6:40,27.382
1306,7/24/18 6:45,27.358
1307,7/24/18 6:50,27.333
1308,7/24/18 6:55,27.308
1309,7/24/18 7:00,27.259
1310,7/24/18 7:05,27.259
1311,7/24/18 7:10,27.235
1312,7/24/18 7:15,27.161
1313,7/24/18 7:20,27.161
1314,7/24/18 7:25,27.087
1315,7/24/18 7:30,27.063
1316,7/24/18 7:35,27.038
1317,7/24/18 7:40,27.014
1318,7/24/18 7:45,26.965
1319,7/24/18 7:50,26.965
1320,7/24/18 7:55,26.94
1321,7/24/18 8:00,26.916
1322,7/24/18 8:05,26.867
1323,7/24/18 8:10,26.842
1324,7/24/18 8:15,26.842
1325,7/24/18 8:20,26.793
1326,7/24/18 8:25,26.744
1327,7/24/18 8:30,26.769
1328,7/24/18 8:35,26.769
1329,7/24/18 8:40,26.769
1330,7/24/18 8:45,26.744
1331,7/24/18 8:50,26.744
1332,7/24/18 8:55,26.744
1333,7/24/18 9:00,26.72
1334,7/24/18 9:05,26.72
1335,7/24/18 9:10,26.72
1336,7/24/18 9:15,26.695
1337,7/24/18 9:20,26.695
1338,7/24/18 9:25,26.695
1339,7/24/18 9:30,26.671
1340,7/24/18 9:35,26.646
1341,7/24/18 9:40,26.671
1342,7/24/18 9:45,26.646
1343,7/24/18 9:50,26.646
1344,7/24/18 9:55,26.646
1345,7/24/18 10:00,26.646
1346,7/24/18 10:05,26.622
1347,7/24/18 10:10,26.646
1348,7/24/18 10:15,26.646
1349,7/24/18 10:20,26.646
1350,7/24/18 10:25,26.671
1351,7/24/18 10:30,26.671
1352,7/24/18 10:35,26.671
1353,7/24/18 10:40,26.671
1354,7/24/18 10:45,26.671
1355,7/24/18 10:50,26.671
1356,7/24/18 10:55,26.72
1357,7/24/18 11:00,26.744
1358,7/24/18 11:05,26.744
1359,7/24/18 11:10,26.769
1360,7/24/18 11:15,26.793
1361,7/24/18 11:20,26.842
1362,7/24/18 11:25,26.842
1363,7/24/18 11:30,26.842
1364,7/24/18 11:35,26.916
1365,7/24/18 11:40,26.989
1366,7/24/18 11:45,27.014
1367,7/24/18 11:50,27.087
1368,7/24/18 11:55,27.136
1369,7/24/18 12:00,27.186
1370,7/24/18 12:05,27.235
1371,7/24/18 12:10,27.308
1372,7/24/18 12:15,27.358
1373,7/24/18 12:20,27.456
1374,7/24/18 12:25,27.505
1375,7/24/18 12:30,27.554
1376,7/24/18 12:35,27.628
1377,7/24/18 12:40,27.653
1378,7/24/18 12:45,27.776
1379,7/24/18 12:50,27.85
1380,7/24/18 12:55,27.924
1381,7/24/18 13:00,27.974
1382,7/24/18 13:05,28.048
1383,7/24/18 13:10,28.048
1384,7/24/18 13:15,28.122
1385,7/24/18 13:20,28.171
1386,7/24/18 13:25,28.221
1387,7/24/18 13:30,28.27
1388,7/24/18 13:35,28.32
1389,7/24/18 13:40,28.493
1390,7/24/18 13:45,28.593
1391,7/24/18 13:50,28.667
1392,7/24/18 13:55,28.766
1393,7/24/18 14:00,28.791
1394,7/24/18 14:05,28.891
1395,7/24/18 14:10,28.965
1396,7/24/18 14:15,29.015
1397,7/24/18 14:20,29.065
1398,7/24/18 14:25,29.09
1399,7/24/18 14:30,29.14
1400,7/24/18 14:35,29.165
1401,7/24/18 14:40,29.165
1402,7/24/18 14:45,29.414
1403,7/24/18 14:50,29.515
1404,7/24/18 14:55,29.565
1405,7/24/18 15:00,29.565
1406,7/24/18 15:05,29.565
1407,7/24/18 15:10,29.54
1408,7/24/18 15:15,29.414
1409,7/24/18 15:20,29.414
1410,7/24/18 15:25,29.315
1411,7/24/18 15:30,29.315
1412,7/24/18 15:35,29.265
1413,7/24/18 15:40,29.24
1414,7/24/18 15:45,29.215
1415,7/24/18 15:50,29.115
1416,7/24/18 15:55,28.99
1417,7/24/18 16:00,28.816
1418,7/24/18 16:05,28.642
1419,7/24/18 16:10,28.543
1420,7/24/18 16:15,28.444
1421,7/24/18 16:20,28.394
1422,7/24/18 16:25,28.345
1423,7/24/18 16:30,28.221
1424,7/24/18 16:35,28.122
1425,7/24/18 16:40,28.097
1426,7/24/18 16:45,28.023
1427,7/24/18 16:50,27.974
1428,7/24/18 16:55,27.949
1429,7/24/18 17:00,27.875
1430,7/24/18 17:05,27.801
1431,7/24/18 17:10,27.776
1432,7/24/18 17:15,27.776
1433,7/24/18 17:20,27.751
1434,7/24/18 17:25,27.727
1435,7/24/18 17:30,27.727
1436,7/24/18 17:35,27.702
1437,7/24/18 17:40,27.702
1438,7/24/18 17:45,27.677
1439,7/24/18 17:50,27.677
1440,7/24/18 17:55,27.653
1441,7/24/18 18:00,27.653
1442,7/24/18 18:05,27.628
1443,7/24/18 18:10,27.604
1444,7/24/18 18:15,27.604
1445,7/24/18 18:20,27.604
1446,7/24/18 18:25,27.579
1447,7/24/18 18:30,27.554
1448,7/24/18 18:35,27.53
1449,7/24/18 18:40,27.554
1450,7/24/18 18:45,27.53
1451,7/24/18 18:50,27.53
1452,7/24/18 18:55,27.53
1453,7/24/18 19:00,27.505
1454,7/24/18 19:05,27.481
1455,7/24/18 19:10,27.481
1456,7/24/18 19:15,27.481
1457,7/24/18 19:20,27.505
1458,7/24/18 19:25,27.505
1459,7/24/18 19:30,27.505
1460,7/24/18 19:35,27.481
1461,7/24/18 19:40,27.481
1462,7/24/18 19:45,27.456
1463,7/24/18 19:50,27.456
1464,7/24/18 19:55,27.431
1465,7/24/18 20:00,27.456
1466,7/24/18 20:05,27.431
1467,7/24/18 20:10,27.431
1468,7/24/18 20:15,27.431
1469,7/24/18 20:20,27.431
1470,7/24/18 20:25,27.431
1471,7/24/18 20:30,27.407
1472,7/24/18 20:35,27.407
1473,7/24/18 20:40,27.407
1474,7/24/18 20:45,27.382
1475,7/24/18 20:50,27.407
1476,7/24/18 20:55,27.407
1477,7/24/18 21:00,27.407
1478,7/24/18 21:05,27.407
1479,7/24/18 21:10,27.407
1480,7/24/18 21:15,27.407
1481,7/24/18 21:20,27.431
1482,7/24/18 21:25,27.407
1483,7/24/18 21:30,27.407
1484,7/24/18 21:35,27.431
1485,7/24/18 21:40,27.431
1486,7/24/18 21:45,27.431
1487,7/24/18 21:50,27.456
1488,7/24/18 21:55,27.456
1489,7/24/18 22:00,27.456
1490,7/24/18 22:05,27.456
1491,7/24/18 22:10,27.456
1492,7/24/18 22:15,27.456
1493,7/24/18 22:20,27.481
1494,7/24/18 22:25,27.481
1495,7/24/18 22:30,27.505
1496,7/24/18 22:35,27.505
1497,7/24/18 22:40,27.53
1498,7/24/18 22:45,27.53
1499,7/24/18 22:50,27.505
1500,7/24/18 22:55,27.481
1501,7/24/18 23:00,27.456
1502,7/24/18 23:05,27.456
1503,7/24/18 23:10,27.456
1504,7/24/18 23:15,27.431
1505,7/24/18 23:20,27.431
1506,7/24/18 23:25,27.407
1507,7/24/18 23:30,27.407
1508,7/24/18 23:35,27.382
1509,7/24/18 23:40,27.382
1510,7/24/18 23:45,27.382
1511,7/24/18 23:50,27.407
1512,7/24/18 23:55,27.407
1513,7/25/18 0:00,27.431
1514,7/25/18 0:05,27.431
1515,7/25/18 0:10,27.431
1516,7/25/18 0:15,27.431
1517,7/25/18 0:20,27.431
1518,7/25/18 0:25,27.431
1519,7/25/18 0:30,27.407
1520,7/25/18 0:35,27.407
1521,7/25/18 0:40,27.407
1522,7/25/18 0:45,27.407
1523,7/25/18 0:50,27.407
1524,7/25/18 0:55,27.431
1525,7/25/18 1:00,27.431
1526,7/25/18 1:05,27.431
1527,7/25/18 1:10,27.431
1528,7/25/18 1:15,27.431
1529,7/25/18 1:20,27.431
1530,7/25/18 1:25,27.431
1531,7/25/18 1:30,27.431
1532,7/25/18 1:35,27.431
1533,7/25/18 1:40,27.431
1534,7/25/18 1:45,27.456
1535,7/25/18 1:50,27.456
1536,7/25/18 1:55,27.456
1537,7/25/18 2:00,27.431
1538,7/25/18 2:05,27.456
1539,7/25/18 2:10,27.481
1540,7/25/18 2:15,27.481
1541,7/25/18 2:20,27.481
1542,7/25/18 2:25,27.481
1543,7/25/18 2:30,27.481
1544,7/25/18 2:35,27.481
1545,7/25/18 2:40,27.505
1546,7/25/18 2:45,27.505
1547,7/25/18 2:50,27.505
1548,7/25/18 2:55,27.505
1549,7/25/18 3:00,27.505
1550,7/25/18 3:05,27.505
1551,7/25/18 3:10,27.505
1552,7/25/18 3:15,27.481
1553,7/25/18 3:20,27.505
1554,7/25/18 3:25,27.505
1555,7/25/18 3:30,27.505
1556,7/25/18 3:35,27.481
1557,7/25/18 3:40,27.481
1558,7/25/18 3:45,27.456
1559,7/25/18 3:50,27.456
1560,7/25/18 3:55,27.456
1561,7/25/18 4:00,27.456
1562,7/25/18 4:05,27.456
1563,7/25/18 4:10,27.456
1564,7/25/18 4:15,27.456
1565,7/25/18 4:20,27.456
1566,7/25/18 4:25,27.456
1567,7/25/18 4:30,27.456
1568,7/25/18 4:35,27.456
1569,7/25/18 4:40,27.456
1570,7/25/18 4:45,27.456
1571,7/25/18 4:50,27.456
1572,7/25/18 4:55,27.456
1573,7/25/18 5:00,27.456
1574,7/25/18 5:05,27.456
1575,7/25/18 5:10,27.481
1576,7/25/18 5:15,27.481
1577,7/25/18 5:20,27.481
1578,7/25/18 5:25,27.481
1579,7/25/18 5:30,27.481
1580,7/25/18 5:35,27.481
1581,7/25/18 5:40,27.481
1582,7/25/18 5:45,27.481
1583,7/25/18 5:50,27.481
1584,7/25/18 5:55,27.481
1585,7/25/18 6:00,27.481
1586,7/25/18 6:05,27.481
1587,7/25/18 6:10,27.481
1588,7/25/18 6:15,27.481
1589,7/25/18 6:20,27.481
1590,7/25/18 6:25,27.481
1591,7/25/18 6:30,27.481
1592,7/25/18 6:35,27.481
1593,7/25/18 6:40,27.481
1594,7/25/18 6:45,27.481
1595,7/25/18 6:50,27.481
1596,7/25/18 6:55,27.456
1597,7/25/18 7:00,27.456
1598,7/25/18 7:05,27.456
1599,7/25/18 7:10,27.456
1600,7/25/18 7:15,27.456
1601,7/25/18 7:20,27.456
1602,7/25/18 7:25,27.481
1603,7/25/18 7:30,27.456
1604,7/25/18 7:35,27.456
1605,7/25/18 7:40,27.481
1606,7/25/18 7:45,27.481
1607,7/25/18 7:50,27.481
1608,7/25/18 7:55,27.481
1609,7/25/18 8:00,27.481
1610,7/25/18 8:05,27.505
1611,7/25/18 8:10,27.505
1612,7/25/18 8:15,27.505
1613,7/25/18 8:20,27.53
1614,7/25/18 8:25,27.53
1615,7/25/18 8:30,27.579
1616,7/25/18 8:35,27.579
1617,7/25/18 8:40,27.604
1618,7/25/18 8:45,27.628
1619,7/25/18 8:50,27.653
1620,7/25/18 8:55,27.677
1621,7/25/18 9:00,27.702
1622,7/25/18 9:05,27.727
1623,7/25/18 9:10,27.751
1624,7/25/18 9:15,27.776
1625,7/25/18 9:20,27.825
1626,7/25/18 9:25,27.825
1627,7/25/18 9:30,27.825
1628,7/25/18 9:35,27.875
1629,7/25/18 9:40,27.924
1630,7/25/18 9:45,27.949
1631,7/25/18 9:50,27.974
1632,7/25/18 9:55,28.048
1633,7/25/18 10:00,28.072
1634,7/25/18 10:05,28.147
1635,7/25/18 10:10,28.221
1636,7/25/18 10:15,28.196
1637,7/25/18 10:20,28.245
1638,7/25/18 10:25,28.27
1639,7/25/18 10:30,28.32
1640,7/25/18 10:35,28.369
1641,7/25/18 10:40,28.369
1642,7/25/18 10:45,28.444
1643,7/25/18 10:50,28.493
1644,7/25/18 10:55,28.543
1645,7/25/18 11:00,28.568
1646,7/25/18 11:05,28.593
1647,7/25/18 11:10,28.617
1648,7/25/18 11:15,28.667
1649,7/25/18 11:20,28.742
1650,7/25/18 11:25,28.791
1651,7/25/18 11:30,28.841
1652,7/25/18 11:35,28.866
1653,7/25/18 11:40,28.916
1654,7/25/18 11:45,28.965
1655,7/25/18 11:50,28.891
1656,7/25/18 11:55,28.99
1657,7/25/18 12:00,29.04
1658,7/25/18 12:05,29.065
1659,7/25/18 12:10,29.09
1660,7/25/18 12:15,29.14
1661,7/25/18 12:20,29.165
1662,7/25/18 12:25,29.265
1663,7/25/18 12:30,29.315
1664,7/25/18 12:35,29.389
1665,7/25/18 12:40,29.464
1666,7/25/18 12:45,29.49
1667,7/25/18 12:50,29.515
1668,7/25/18 12:55,29.59
1669,7/25/18 13:00,29.64
1670,7/25/18 13:05,29.69
1671,7/25/18 13:10,29.715
1672,7/25/18 13:15,29.74
1673,7/25/18 13:20,29.79
1674,7/25/18 13:25,29.815
1675,7/25/18 13:30,29.916
1676,7/25/18 13:35,29.966
1677,7/25/18 13:40,30.016
1678,7/25/18 13:45,30.066
1679,7/25/18 13:50,30.091
1680,7/25/18 13:55,30.117
1681,7/25/18 14:00,30.192
1682,7/25/18 14:05,30.268
1683,7/25/18 14:10,30.293
1684,7/25/18 14:15,30.343
1685,7/25/18 14:20,30.369
1686,7/25/18 14:25,30.369
1687,7/25/18 14:30,30.369
1688,7/25/18 14:35,30.419
1689,7/25/18 14:40,30.495
1690,7/25/18 14:45,30.596
1691,7/25/18 14:50,30.621
1692,7/25/18 14:55,30.697
1693,7/25/18 15:00,30.672
1694,7/25/18 15:05,30.672
1695,7/25/18 15:10,30.722
1696,7/25/18 15:15,30.571
1697,7/25/18 15:20,30.444
1698,7/25/18 15:25,30.318
1699,7/25/18 15:30,30.293
1700,7/25/18 15:35,30.293
1701,7/25/18 15:40,30.243
1702,7/25/18 15:45,30.293
1703,7/25/18 15:50,30.293
1704,7/25/18 15:55,30.268
1705,7/25/18 16:00,30.192
1706,7/25/18 16:05,30.167
1707,7/25/18 16:10,30.142
1708,7/25/18 16:15,30.117
1709,7/25/18 16:20,30.066
1710,7/25/18 16:25,30.041
1711,7/25/18 16:30,30.016
1712,7/25/18 16:35,29.966
1713,7/25/18 16:40,29.966
1714,7/25/18 16:45,29.916
1715,7/25/18 16:50,29.89
1716,7/25/18 16:55,29.865
1717,7/25/18 17:00,29.84
1718,7/25/18 17:05,29.815
1719,7/25/18 17:10,29.765
1720,7/25/18 17:15,29.74
1721,7/25/18 17:20,29.715
1722,7/25/18 17:25,29.69
1723,7/25/18 17:30,29.665
1724,7/25/18 17:35,29.64
1725,7/25/18 17:40,29.615
1726,7/25/18 17:45,29.59
1727,7/25/18 17:50,29.54
1728,7/25/18 17:55,29.515
1729,7/25/18 18:00,29.49
1730,7/25/18 18:05,29.464
1731,7/25/18 18:10,29.439
1732,7/25/18 18:15,29.414
1733,7/25/18 18:20,29.389
1734,7/25/18 18:25,29.365
1735,7/25/18 18:30,29.34
1736,7/25/18 18:35,29.29
1737,7/25/18 18:40,29.265
1738,7/25/18 18:45,29.215
1739,7/25/18 18:50,29.19
1740,7/25/18 18:55,29.165
1741,7/25/18 19:00,29.14
1742,7/25/18 19:05,29.115
1743,7/25/18 19:10,29.09
1744,7/25/18 19:15,29.065
1745,7/25/18 19:20,29.04
1746,7/25/18 19:25,29.015
1747,7/25/18 19:30,28.99
1748,7/25/18 19:35,28.965
1749,7/25/18 19:40,28.941
1750,7/25/18 19:45,28.916
1751,7/25/18 19:50,28.891
1752,7/25/18 19:55,28.866
1753,7/25/18 20:00,28.841
1754,7/25/18 20:05,28.816
1755,7/25/18 20:10,28.791
1756,7/25/18 20:15,28.766
1757,7/25/18 20:20,28.742
1758,7/25/18 20:25,28.717
1759,7/25/18 20:30,28.717
1760,7/25/18 20:35,28.692
1761,7/25/18 20:40,28.667
1762,7/25/18 20:45,28.642
1763,7/25/18 20:50,28.617
1764,7/25/18 20:55,28.593
1765,7/25/18 21:00,28.593
1766,7/25/18 21:05,28.568
1767,7/25/18 21:10,28.568
1768,7/25/18 21:15,28.543
1769,7/25/18 21:20,28.543
1770,7/25/18 21:25,28.543
1771,7/25/18 21:30,28.518
1772,7/25/18 21:35,28.493
1773,7/25/18 21:40,28.468
1774,7/25/18 21:45,28.468
1775,7/25/18 21:50,28.468
1776,7/25/18 21:55,28.444
1777,7/25/18 22:00,28.419
1778,7/25/18 22:05,28.394
1779,7/25/18 22:10,28.394
1780,7/25/18 22:15,28.369
1781,7/25/18 22:20,28.345
1782,7/25/18 22:25,28.345
1783,7/25/18 22:30,28.32
1784,7/25/18 22:35,28.32
1785,7/25/18 22:40,28.295
1786,7/25/18 22:45,28.295
1787,7/25/18 22:50,28.27
1788,7/25/18 22:55,28.245
1789,7/25/18 23:00,28.245
1790,7/25/18 23:05,28.221
1791,7/25/18 23:10,28.221
1792,7/25/18 23:15,28.196
1793,7/25/18 23:20,28.171
1794,7/25/18 23:25,28.171
1795,7/25/18 23:30,28.147
1796,7/25/18 23:35,28.147
1797,7/25/18 23:40,28.147
1798,7/25/18 23:45,28.122
1799,7/25/18 23:50,28.122
1800,7/25/18 23:55,28.097
1801,7/26/18 0:00,28.097
1802,7/26/18 0:05,28.097
1803,7/26/18 0:10,28.072
1804,7/26/18 0:15,28.048
1805,7/26/18 0:20,28.048
1806,7/26/18 0:25,28.048
1807,7/26/18 0:30,28.048
1808,7/26/18 0:35,28.023
1809,7/26/18 0:40,28.023
1810,7/26/18 0:45,27.998
1811,7/26/18 0:50,27.974
1812,7/26/18 0:55,27.974
1813,7/26/18 1:00,27.974
1814,7/26/18 1:05,27.974
1815,7/26/18 1:10,27.974
1816,7/26/18 1:15,27.949
1817,7/26/18 1:20,27.924
1818,7/26/18 1:25,27.924
1819,7/26/18 1:30,27.899
1820,7/26/18 1:35,27.899
1821,7/26/18 1:40,27.875
1822,7/26/18 1:45,27.899
1823,7/26/18 1:50,27.875
1824,7/26/18 1:55,27.875
1825,7/26/18 2:00,27.85
1826,7/26/18 2:05,27.85
1827,7/26/18 2:10,27.825
1828,7/26/18 2:15,27.825
1829,7/26/18 2:20,27.825
1830,7/26/18 2:25,27.825
1831,7/26/18 2:30,27.801
1832,7/26/18 2:35,27.801
1833,7/26/18 2:40,27.776
1834,7/26/18 2:45,27.776
1835,7/26/18 2:50,27.776
1836,7/26/18 2:55,27.776
1837,7/26/18 3:00,27.776
1838,7/26/18 3:05,27.751
1839,7/26/18 3:10,27.776
1840,7/26/18 3:15,27.751
1841,7/26/18 3:20,27.751
1842,7/26/18 3:25,27.727
1843,7/26/18 3:30,27.727
1844,7/26/18 3:35,27.727
1845,7/26/18 3:40,27.727
1846,7/26/18 3:45,27.702
1847,7/26/18 3:50,27.727
1848,7/26/18 3:55,27.727
1849,7/26/18 4:00,27.727
1850,7/26/18 4:05,27.727
1851,7/26/18 4:10,27.702
1852,7/26/18 4:15,27.702
1853,7/26/18 4:20,27.702
1854,7/26/18 4:25,27.677
1855,7/26/18 4:30,27.677
1856,7/26/18 4:35,27.677
1857,7/26/18 4:40,27.677
1858,7/26/18 4:45,27.653
1859,7/26/18 4:50,27.653
1860,7/26/18 4:55,27.628
1861,7/26/18 5:00,27.653
1862,7/26/18 5:05,27.653
1863,7/26/18 5:10,27.628
1864,7/26/18 5:15,27.628
1865,7/26/18 5:20,27.628
1866,7/26/18 5:25,27.604
1867,7/26/18 5:30,27.604
1868,7/26/18 5:35,27.579
1869,7/26/18 5:40,27.579
1870,7/26/18 5:45,27.579
1871,7/26/18 5:50,27.554
1872,7/26/18 5:55,27.579
1873,7/26/18 6:00,27.554
1874,7/26/18 6:05,27.554
1875,7/26/18 6:10,27.554
1876,7/26/18 6:15,27.554
1877,7/26/18 6:20,27.554
1878,7/26/18 6:25,27.53
1879,7/26/18 6:30,27.53
1880,7/26/18 6:35,27.53
1881,7/26/18 6:40,27.53
1882,7/26/18 6:45,27.53
1883,7/26/18 6:50,27.505
1884,7/26/18 6:55,27.505
1885,7/26/18 7:00,27.505
1886,7/26/18 7:05,27.505
1887,7/26/18 7:10,27.505
1888,7/26/18 7:15,27.505
1889,7/26/18 7:20,27.505
1890,7/26/18 7:25,27.505
1891,7/26/18 7:30,27.505
1892,7/26/18 7:35,27.505
1893,7/26/18 7:40,27.53
1894,7/26/18 7:45,27.53
1895,7/26/18 7:50,27.53
1896,7/26/18 7:55,27.53
1897,7/26/18 8:00,27.53
1898,7/26/18 8:05,27.554
1899,7/26/18 8:10,27.554
1900,7/26/18 8:15,27.579
1901,7/26/18 8:20,27.579
1902,7/26/18 8:25,27.604
1903,7/26/18 8:30,27.604
1904,7/26/18 8:35,27.604
1905,7/26/18 8:40,27.628
1906,7/26/18 8:45,27.653
1907,7/26/18 8:50,27.628
1908,7/26/18 8:55,27.677
1909,7/26/18 9:00,27.677
1910,7/26/18 9:05,27.727
1911,7/26/18 9:10,27.751
1912,7/26/18 9:15,27.751
1913,7/26/18 9:20,27.776
1914,7/26/18 9:25,27.825
1915,7/26/18 9:30,27.825
1916,7/26/18 9:35,27.875
1917,7/26/18 9:40,27.899
1918,7/26/18 9:45,27.924
1919,7/26/18 9:50,27.949
1920,7/26/18 9:55,27.974
1921,7/26/18 10:00,28.023
1922,7/26/18 10:05,28.072
1923,7/26/18 10:10,28.097
1924,7/26/18 10:15,28.122
1925,7/26/18 10:20,28.171
1926,7/26/18 10:25,28.221
1927,7/26/18 10:30,28.245
1928,7/26/18 10:35,28.245
1929,7/26/18 10:40,28.32
1930,7/26/18 10:45,28.369
1931,7/26/18 10:50,28.419
1932,7/26/18 10:55,28.468
1933,7/26/18 11:00,28.493
1934,7/26/18 11:05,28.518
1935,7/26/18 11:10,28.518
1936,7/26/18 11:15,28.543
1937,7/26/18 11:20,28.617
1938,7/26/18 11:25,28.667
1939,7/26/18 11:30,28.717
1940,7/26/18 11:35,28.766
1941,7/26/18 11:40,28.816
1942,7/26/18 11:45,28.866
1943,7/26/18 11:50,28.891
1944,7/26/18 11:55,28.916
1945,7/26/18 12:00,28.941
1946,7/26/18 12:05,28.916
1947,7/26/18 12:10,28.965
1948,7/26/18 12:15,28.99
1949,7/26/18 12:20,29.04
1950,7/26/18 12:25,29.065
1951,7/26/18 12:30,29.09
1952,7/26/18 12:35,29.19
1953,7/26/18 12:40,29.24
1954,7/26/18 12:45,29.315
1955,7/26/18 12:50,29.365
1956,7/26/18 12:55,29.414
1957,7/26/18 13:00,29.464
1958,7/26/18 13:05,29.49
1959,7/26/18 13:10,29.515
1960,7/26/18 13:15,29.54
1961,7/26/18 13:20,29.54
1962,7/26/18 13:25,29.59
1963,7/26/18 13:30,29.565
1964,7/26/18 13:35,29.59
1965,7/26/18 13:40,29.59
1966,7/26/18 13:45,29.64
1967,7/26/18 13:50,29.74
1968,7/26/18 13:55,29.64
1969,7/26/18 14:00,29.464
1970,7/26/18 14:05,29.464
1971,7/26/18 14:10,29.64
1972,7/26/18 14:15,29.715
1973,7/26/18 14:20,29.615
1974,7/26/18 14:25,29.464
1975,7/26/18 14:30,29.439
1976,7/26/18 14:35,29.565
1977,7/26/18 14:40,29.79
1978,7/26/18 14:45,29.991
1979,7/26/18 14:50,30.066
1980,7/26/18 14:55,30.142
1981,7/26/18 15:00,30.066
1982,7/26/18 15:05,30.066
1983,7/26/18 15:10,29.991
1984,7/26/18 15:15,30.117
1985,7/26/18 15:20,30.066
1986,7/26/18 15:25,29.991
1987,7/26/18 15:30,29.89
1988,7/26/18 15:35,29.84
1989,7/26/18 15:40,29.84
1990,7/26/18 15:45,29.865
1991,7/26/18 15:50,29.84
1992,7/26/18 15:55,29.815
1993,7/26/18 16:00,29.79
1994,7/26/18 16:05,29.79
1995,7/26/18 16:10,29.74
1996,7/26/18 16:15,29.69
1997,7/26/18 16:20,29.64
1998,7/26/18 16:25,29.615
1999,7/26/18 16:30,29.615
2000,7/26/18 16:35,29.59
2001,7/26/18 16:40,29.565
2002,7/26/18 16:45,29.54
2003,7/26/18 16:50,29.515
2004,7/26/18 16:55,29.464
2005,7/26/18 17:00,29.439
2006,7/26/18 17:05,29.414
2007,7/26/18 17:10,29.389
2008,7/26/18 17:15,29.365
2009,7/26/18 17:20,29.365
2010,7/26/18 17:25,29.315
2011,7/26/18 17:30,29.315
2012,7/26/18 17:35,29.29
2013,7/26/18 17:40,29.265
2014,7/26/18 17:45,29.265
2015,7/26/18 17:50,29.215
2016,7/26/18 17:55,29.19
2017,7/26/18 18:00,29.165
2018,7/26/18 18:05,29.14
2019,7/26/18 18:10,29.115
2020,7/26/18 18:15,29.09
2021,7/26/18 18:20,29.065
2022,7/26/18 18:25,29.04
2023,7/26/18 18:30,29.04
2024,7/26/18 18:35,29.015
2025,7/26/18 18:40,28.99
2026,7/26/18 18:45,28.99
2027,7/26/18 18:50,28.965
2028,7/26/18 18:55,28.941
2029,7/26/18 19:00,28.916
2030,7/26/18 19:05,28.891
2031,7/26/18 19:10,28.866
2032,7/26/18 19:15,28.841
2033,7/26/18 19:20,28.841
2034,7/26/18 19:25,28.841
2035,7/26/18 19:30,28.816
2036,7/26/18 19:35,28.816
2037,7/26/18 19:40,28.766
2038,7/26/18 19:45,28.766
2039,7/26/18 19:50,28.717
2040,7/26/18 19:55,28.717
2041,7/26/18 20:00,28.717
2042,7/26/18 20:05,28.667
2043,7/26/18 20:10,28.667
2044,7/26/18 20:15,28.667
2045,7/26/18 20:20,28.617
2046,7/26/18 20:25,28.617
2047,7/26/18 20:30,28.617
2048,7/26/18 20:35,28.617
2049,7/26/18 20:40,28.617
2050,7/26/18 20:45,28.593
2051,7/26/18 20:50,28.593
2052,7/26/18 20:55,28.543
2053,7/26/18 21:00,28.568
2054,7/26/18 21:05,28.543
2055,7/26/18 21:10,28.518
2056,7/26/18 21:15,28.518
2057,7/26/18 21:20,28.493
2058,7/26/18 21:25,28.468
2059,7/26/18 21:30,28.468
2060,7/26/18 21:35,28.444
2061,7/26/18 21:40,28.419
2062,7/26/18 21:45,28.419
2063,7/26/18 21:50,28.394
2064,7/26/18 21:55,28.394
2065,7/26/18 22:00,28.369
2066,7/26/18 22:05,28.394
2067,7/26/18 22:10,28.369
2068,7/26/18 22:15,28.369
2069,7/26/18 22:20,28.369
2070,7/26/18 22:25,28.345
2071,7/26/18 22:30,28.345
2072,7/26/18 22:35,28.345
2073,7/26/18 22:40,28.345
2074,7/26/18 22:45,28.345
2075,7/26/18 22:50,28.345
2076,7/26/18 22:55,28.32
2077,7/26/18 23:00,28.32
2078,7/26/18 23:05,28.295
2079,7/26/18 23:10,28.27
2080,7/26/18 23:15,28.245
2081,7/26/18 23:20,28.245
2082,7/26/18 23:25,28.221
2083,7/26/18 23:30,28.196
2084,7/26/18 23:35,28.196
2085,7/26/18 23:40,28.196
2086,7/26/18 23:45,28.171
2087,7/26/18 23:50,28.171
2088,7/26/18 23:55,28.097
2089,7/27/18 0:00,28.072
2090,7/27/18 0:05,28.048
2091,7/27/18 0:10,28.048
2092,7/27/18 0:15,28.023
2093,7/27/18 0:20,27.998
2094,7/27/18 0:25,28.023
2095,7/27/18 0:30,27.998
2096,7/27/18 0:35,27.974
2097,7/27/18 0:40,27.949
2098,7/27/18 0:45,27.949
2099,7/27/18 0:50,27.924
2100,7/27/18 0:55,27.899
2101,7/27/18 1:00,27.875
2102,7/27/18 1:05,27.875
2103,7/27/18 1:10,27.85
2104,7/27/18 1:15,27.825
2105,7/27/18 1:20,27.825
2106,7/27/18 1:25,27.825
2107,7/27/18 1:30,27.825
2108,7/27/18 1:35,27.825
2109,7/27/18 1:40,27.825
2110,7/27/18 1:45,27.825
2111,7/27/18 1:50,27.801
2112,7/27/18 1:55,27.751
2113,7/27/18 2:00,27.727
2114,7/27/18 2:05,27.702
2115,7/27/18 2:10,27.702
2116,7/27/18 2:15,27.702
2117,7/27/18 2:20,27.677
2118,7/27/18 2:25,27.653
2119,7/27/18 2:30,27.653
2120,7/27/18 2:35,27.653
2121,7/27/18 2:40,27.653
2122,7/27/18 2:45,27.653
2123,7/27/18 2:50,27.628
2124,7/27/18 2:55,27.628
2125,7/27/18 3:00,27.604
2126,7/27/18 3:05,27.604
2127,7/27/18 3:10,27.604
2128,7/27/18 3:15,27.579
2129,7/27/18 3:20,27.579
2130,7/27/18 3:25,27.579
2131,7/27/18 3:30,27.554
2132,7/27/18 3:35,27.579
2133,7/27/18 3:40,27.554
2134,7/27/18 3:45,27.554
2135,7/27/18 3:50,27.53
2136,7/27/18 3:55,27.53
2137,7/27/18 4:00,27.53
2138,7/27/18 4:05,27.53
2139,7/27/18 4:10,27.505
2140,7/27/18 4:15,27.505
2141,7/27/18 4:20,27.505
2142,7/27/18 4:25,27.505
2143,7/27/18 4:30,27.481
2144,7/27/18 4:35,27.481
2145,7/27/18 4:40,27.481
2146,7/27/18 4:45,27.481
2147,7/27/18 4:50,27.481
2148,7/27/18 4:55,27.456
2149,7/27/18 5:00,27.456
2150,7/27/18 5:05,27.456
2151,7/27/18 5:10,27.456
2152,7/27/18 5:15,27.456
2153,7/27/18 5:20,27.456
2154,7/27/18 5:25,27.431
2155,7/27/18 5:30,27.431
2156,7/27/18 5:35,27.431
2157,7/27/18 5:40,27.431
2158,7/27/18 5:45,27.431
2159,7/27/18 5:50,27.431
2160,7/27/18 5:55,27.431
2161,7/27/18 6:00,27.431
2162,7/27/18 6:05,27.456
2163,7/27/18 6:10,27.456
2164,7/27/18 6:15,27.456
2165,7/27/18 6:20,27.456
2166,7/27/18 6:25,27.431
2167,7/27/18 6:30,27.431
2168,7/27/18 6:35,27.431
2169,7/27/18 6:40,27.456
2170,7/27/18 6:45,27.456
2171,7/27/18 6:50,27.456
2172,7/27/18 6:55,27.481
2173,7/27/18 7:00,27.456
2174,7/27/18 7:05,27.481
2175,7/27/18 7:10,27.481
2176,7/27/18 7:15,27.456
2177,7/27/18 7:20,27.456
2178,7/27/18 7:25,27.456
2179,7/27/18 7:30,27.481
2180,7/27/18 7:35,27.481
2181,7/27/18 7:40,27.481
2182,7/27/18 7:45,27.481
2183,7/27/18 7:50,27.481
2184,7/27/18 7:55,27.505
2185,7/27/18 8:00,27.505
2186,7/27/18 8:05,27.53
2187,7/27/18 8:10,27.53
2188,7/27/18 8:15,27.53
2189,7/27/18 8:20,27.53
2190,7/27/18 8:25,27.554
2191,7/27/18 8:30,27.579
2192,7/27/18 8:35,27.579
2193,7/27/18 8:40,27.628
2194,7/27/18 8:45,27.628
2195,7/27/18 8:50,27.653
2196,7/27/18 8:55,27.677
2197,7/27/18 9:00,27.677
2198,7/27/18 9:05,27.702
2199,7/27/18 9:10,27.702
2200,7/27/18 9:15,27.727
2201,7/27/18 9:20,27.751
2202,7/27/18 9:25,27.776
2203,7/27/18 9:30,27.825
2204,7/27/18 9:35,27.85
2205,7/27/18 9:40,27.899
2206,7/27/18 9:45,27.924
2207,7/27/18 9:50,27.949
2208,7/27/18 9:55,27.998
2209,7/27/18 10:00,28.023
2210,7/27/18 10:05,28.072
2211,7/27/18 10:10,28.097
2212,7/27/18 10:15,28.147
2213,7/27/18 10:20,28.147
2214,7/27/18 10:25,28.196
2215,7/27/18 10:30,28.221
2216,7/27/18 10:35,28.245
2217,7/27/18 10:40,28.295
2218,7/27/18 10:45,28.345
2219,7/27/18 10:50,28.345
2220,7/27/18 10:55,28.419
2221,7/27/18 11:00,28.444
2222,7/27/18 11:05,28.444
2223,7/27/18 11:10,28.468
2224,7/27/18 11:15,28.444
2225,7/27/18 11:20,28.518
2226,7/27/18 11:25,28.568
2227,7/27/18 11:30,28.568
2228,7/27/18 11:35,28.667
2229,7/27/18 11:40,28.692
2230,7/27/18 11:45,28.742
2231,7/27/18 11:50,28.791
2232,7/27/18 11:55,28.816
2233,7/27/18 12:00,28.841
2234,7/27/18 12:05,28.866
2235,7/27/18 12:10,28.891
2236,7/27/18 12:15,28.916
2237,7/27/18 12:20,28.941
2238,7/27/18 12:25,29.015
2239,7/27/18 12:30,29.09
2240,7/27/18 12:35,29.015
2241,7/27/18 12:40,29.115
2242,7/27/18 12:45,29.09
2243,7/27/18 12:50,29.265
2244,7/27/18 12:55,29.29
2245,7/27/18 13:00,29.315
2246,7/27/18 13:05,29.389
2247,7/27/18 13:10,29.365
2248,7/27/18 13:15,29.414
2249,7/27/18 13:20,29.464
2250,7/27/18 13:25,29.515
2251,7/27/18 13:30,29.54
2252,7/27/18 13:35,29.64
2253,7/27/18 13:40,29.69
2254,7/27/18 13:45,29.74
2255,7/27/18 13:50,29.665
2256,7/27/18 13:55,29.815
2257,7/27/18 14:00,29.865
2258,7/27/18 14:05,29.916
2259,7/27/18 14:10,29.916
2260,7/27/18 14:15,29.966
2261,7/27/18 14:20,30.016
2262,7/27/18 14:25,29.966
2263,7/27/18 14:30,30.041
2264,7/27/18 14:35,30.142
2265,7/27/18 14:40,30.217
2266,7/27/18 14:45,30.318
2267,7/27/18 14:50,30.343
2268,7/27/18 14:55,30.343
2269,7/27/18 15:00,30.369
2270,7/27/18 15:05,30.343
2271,7/27/18 15:10,30.293
2272,7/27/18 15:15,30.343
2273,7/27/18 15:20,30.343
2274,7/27/18 15:25,30.192
2275,7/27/18 15:30,30.167
2276,7/27/18 15:35,30.142
2277,7/27/18 15:40,30.142
2278,7/27/18 15:45,30.117
2279,7/27/18 15:50,30.066
2280,7/27/18 15:55,30.041
2281,7/27/18 16:00,29.991
2282,7/27/18 16:05,29.966
2283,7/27/18 16:10,29.941
2284,7/27/18 16:15,29.916
2285,7/27/18 16:20,29.89
2286,7/27/18 16:25,29.865
2287,7/27/18 16:30,29.84
2288,7/27/18 16:35,29.815
2289,7/27/18 16:40,29.79
2290,7/27/18 16:45,29.74
2291,7/27/18 16:50,29.715
2292,7/27/18 16:55,29.69
2293,7/27/18 17:00,29.665
2294,7/27/18 17:05,29.64
2295,7/27/18 17:10,29.615
2296,7/27/18 17:15,29.59
2297,7/27/18 17:20,29.565
2298,7/27/18 17:25,29.565
2299,7/27/18 17:30,29.59
2300,7/27/18 17:35,29.59
2301,7/27/18 17:40,29.515
2302,7/27/18 17:45,29.515
2303,7/27/18 17:50,29.464
2304,7/27/18 17:55,29.464
2305,7/27/18 18:00,29.515
2306,7/27/18 18:05,29.515
2307,7/27/18 18:10,29.464
2308,7/27/18 18:15,29.439
2309,7/27/18 18:20,29.414
2310,7/27/18 18:25,29.389
2311,7/27/18 18:30,29.34
2312,7/27/18 18:35,29.315
2313,7/27/18 18:40,29.29
2314,7/27/18 18:45,29.29
2315,7/27/18 18:50,29.24
2316,7/27/18 18:55,29.215
2317,7/27/18 19:00,29.19
2318,7/27/18 19:05,29.165
2319,7/27/18 19:10,29.14
2320,7/27/18 19:15,29.115
2321,7/27/18 19:20,29.065
2322,7/27/18 19:25,29.04
2323,7/27/18 19:30,29.015
2324,7/27/18 19:35,28.99
2325,7/27/18 19:40,28.965
2326,7/27/18 19:45,28.941
2327,7/27/18 19:50,28.941
2328,7/27/18 19:55,28.941
2329,7/27/18 20:00,28.916
2330,7/27/18 20:05,28.916
2331,7/27/18 20:10,28.891
2332,7/27/18 20:15,28.866
2333,7/27/18 20:20,28.841
2334,7/27/18 20:25,28.841
2335,7/27/18 20:30,28.841
2336,7/27/18 20:35,28.841
2337,7/27/18 20:40,28.816
2338,7/27/18 20:45,28.791
2339,7/27/18 20:50,28.791
2340,7/27/18 20:55,28.766
2341,7/27/18 21:00,28.766
2342,7/27/18 21:05,28.742
2343,7/27/18 21:10,28.717
2344,7/27/18 21:15,28.717
2345,7/27/18 21:20,28.717
2346,7/27/18 21:25,28.692
2347,7/27/18 21:30,28.692
2348,7/27/18 21:35,28.667
2349,7/27/18 21:40,28.667
2350,7/27/18 21:45,28.667
2351,7/27/18 21:50,28.667
2352,7/27/18 21:55,28.667
2353,7/27/18 22:00,28.667
2354,7/27/18 22:05,28.667
2355,7/27/18 22:10,28.642
2356,7/27/18 22:15,28.642
2357,7/27/18 22:20,28.642
2358,7/27/18 22:25,28.642
2359,7/27/18 22:30,28.642
2360,7/27/18 22:35,28.642
2361,7/27/18 22:40,28.642
2362,7/27/18 22:45,28.642
2363,7/27/18 22:50,28.642
2364,7/27/18 22:55,28.642
2365,7/27/18 23:00,28.642
2366,7/27/18 23:05,28.642
2367,7/27/18 23:10,28.617
2368,7/27/18 23:15,28.617
2369,7/27/18 23:20,28.617
2370,7/27/18 23:25,28.617
2371,7/27/18 23:30,28.617
2372,7/27/18 23:35,28.593
2373,7/27/18 23:40,28.593
2374,7/27/18 23:45,28.568
2375,7/27/18 23:50,28.568
2376,7/27/18 23:55,28.568
2377,7/28/18 0:00,28.543
2378,7/28/18 0:05,28.568
2379,7/28/18 0:10,28.568
2380,7/28/18 0:15,28.543
2381,7/28/18 0:20,28.568
2382,7/28/18 0:25,28.568
2383,7/28/18 0:30,28.568
2384,7/28/18 0:35,28.568
2385,7/28/18 0:40,28.568
2386,7/28/18 0:45,28.568
2387,7/28/18 0:50,28.568
2388,7/28/18 0:55,28.568
2389,7/28/18 1:00,28.543
2390,7/28/18 1:05,28.568
2391,7/28/18 1:10,28.543
2392,7/28/18 1:15,28.518
2393,7/28/18 1:20,28.543
2394,7/28/18 1:25,28.518
2395,7/28/18 1:30,28.493
2396,7/28/18 1:35,28.493
2397,7/28/18 1:40,28.468
2398,7/28/18 1:45,28.468
2399,7/28/18 1:50,28.468
2400,7/28/18 1:55,28.468
2401,7/28/18 2:00,28.444
2402,7/28/18 2:05,28.444
2403,7/28/18 2:10,28.444
2404,7/28/18 2:15,28.419
2405,7/28/18 2:20,28.419
2406,7/28/18 2:25,28.419
2407,7/28/18 2:30,28.419
2408,7/28/18 2:35,28.419
2409,7/28/18 2:40,28.394
2410,7/28/18 2:45,28.394
2411,7/28/18 2:50,28.394
2412,7/28/18 2:55,28.394
2413,7/28/18 3:00,28.394
2414,7/28/18 3:05,28.394
2415,7/28/18 3:10,28.369
2416,7/28/18 3:15,28.369
2417,7/28/18 3:20,28.369
2418,7/28/18 3:25,28.369
2419,7/28/18 3:30,28.369
2420,7/28/18 3:35,28.369
2421,7/28/18 3:40,28.369
2422,7/28/18 3:45,28.345
2423,7/28/18 3:50,28.345
2424,7/28/18 3:55,28.345
2425,7/28/18 4:00,28.345
2426,7/28/18 4:05,28.345
2427,7/28/18 4:10,28.32
2428,7/28/18 4:15,28.32
2429,7/28/18 4:20,28.32
2430,7/28/18 4:25,28.32
2431,7/28/18 4:30,28.32
2432,7/28/18 4:35,28.295
2433,7/28/18 4:40,28.27
2434,7/28/18 4:45,28.27
2435,7/28/18 4:50,28.27
2436,7/28/18 4:55,28.245
2437,7/28/18 5:00,28.245
2438,7/28/18 5:05,28.245
2439,7/28/18 5:10,28.245
2440,7/28/18 5:15,28.221
2441,7/28/18 5:20,28.221
2442,7/28/18 5:25,28.221
2443,7/28/18 5:30,28.196
2444,7/28/18 5:35,28.171
2445,7/28/18 5:40,28.147
2446,7/28/18 5:45,28.147
2447,7/28/18 5:50,28.122
2448,7/28/18 5:55,28.122
2449,7/28/18 6:00,28.122
2450,7/28/18 6:05,28.122
2451,7/28/18 6:10,28.122
2452,7/28/18 6:15,28.122
2453,7/28/18 6:20,28.122
2454,7/28/18 6:25,28.097
2455,7/28/18 6:30,28.097
2456,7/28/18 6:35,28.072
2457,7/28/18 6:40,28.097
2458,7/28/18 6:45,28.072
2459,7/28/18 6:50,28.072
2460,7/28/18 6:55,28.072
2461,7/28/18 7:00,28.072
2462,7/28/18 7:05,28.072
2463,7/28/18 7:10,28.048
2464,7/28/18 7:15,28.048
2465,7/28/18 7:20,28.048
2466,7/28/18 7:25,28.048
2467,7/28/18 7:30,28.048
2468,7/28/18 7:35,28.048
2469,7/28/18 7:40,28.048
2470,7/28/18 7:45,28.048
2471,7/28/18 7:50,28.048
2472,7/28/18 7:55,28.048
2473,7/28/18 8:00,28.072
2474,7/28/18 8:05,28.097
2475,7/28/18 8:10,28.097
2476,7/28/18 8:15,28.097
2477,7/28/18 8:20,28.122
2478,7/28/18 8:25,28.122
2479,7/28/18 8:30,28.122
2480,7/28/18 8:35,28.147
2481,7/28/18 8:40,28.171
2482,7/28/18 8:45,28.171
2483,7/28/18 8:50,28.196
2484,7/28/18 8:55,28.221
2485,7/28/18 9:00,28.245
2486,7/28/18 9:05,28.27
2487,7/28/18 9:10,28.27
2488,7/28/18 9:15,28.295
2489,7/28/18 9:20,28.32
2490,7/28/18 9:25,28.345
2491,7/28/18 9:30,28.369
2492,7/28/18 9:35,28.394
2493,7/28/18 9:40,28.419
2494,7/28/18 9:45,28.444
2495,7/28/18 9:50,28.444
2496,7/28/18 9:55,28.468
2497,7/28/18 10:00,28.518
2498,7/28/18 10:05,28.543
2499,7/28/18 10:10,28.568
2500,7/28/18 10:15,28.617
2501,7/28/18 10:20,28.642
2502,7/28/18 10:25,28.667
2503,7/28/18 10:30,28.717
2504,7/28/18 10:35,28.766
2505,7/28/18 10:40,28.816
2506,7/28/18 10:45,28.866
2507,7/28/18 10:50,28.916
2508,7/28/18 10:55,28.965
2509,7/28/18 11:00,28.99
2510,7/28/18 11:05,29.015
2511,7/28/18 11:10,29.015
2512,7/28/18 11:15,29.015
2513,7/28/18 11:20,29.115
2514,7/28/18 11:25,29.015
2515,7/28/18 11:30,29.165
2516,7/28/18 11:35,29.065
2517,7/28/18 11:40,29.165
2518,7/28/18 11:45,29.265
2519,7/28/18 11:50,29.315
2520,7/28/18 11:55,29.34
2521,7/28/18 12:00,29.29
2522,7/28/18 12:05,29.34
2523,7/28/18 12:10,29.365
2524,7/28/18 12:15,29.365
2525,7/28/18 12:20,29.365
2526,7/28/18 12:25,29.365
2527,7/28/18 12:30,29.265
2528,7/28/18 12:35,29.365
2529,7/28/18 12:40,29.515
2530,7/28/18 12:45,29.59
2531,7/28/18 12:50,29.615
2532,7/28/18 12:55,29.665
2533,7/28/18 13:00,29.715
2534,7/28/18 13:05,29.74
2535,7/28/18 13:10,29.74
2536,7/28/18 13:15,29.765
2537,7/28/18 13:20,29.765
2538,7/28/18 13:25,29.79
2539,7/28/18 13:30,29.84
2540,7/28/18 13:35,29.84
2541,7/28/18 13:40,29.941
2542,7/28/18 13:45,29.991
2543,7/28/18 13:50,29.79
2544,7/28/18 13:55,29.966
2545,7/28/18 14:00,30.066
2546,7/28/18 14:05,30.142
2547,7/28/18 14:10,30.142
2548,7/28/18 14:15,30.217
2549,7/28/18 14:20,30.217
2550,7/28/18 14:25,30.217
2551,7/28/18 14:30,30.243
2552,7/28/18 14:35,30.343
2553,7/28/18 14:40,30.369
2554,7/28/18 14:45,30.545
2555,7/28/18 14:50,30.621
2556,7/28/18 14:55,30.444
2557,7/28/18 15:00,30.545
2558,7/28/18 15:05,30.571
2559,7/28/18 15:10,30.571
2560,7/28/18 15:15,30.545
2561,7/28/18 15:20,30.495
2562,7/28/18 15:25,30.369
2563,7/28/18 15:30,30.268
2564,7/28/18 15:35,30.217
2565,7/28/18 15:40,30.217
2566,7/28/18 15:45,30.167
2567,7/28/18 15:50,30.167
2568,7/28/18 15:55,30.117
2569,7/28/18 16:00,30.091
2570,7/28/18 16:05,30.066
2571,7/28/18 16:10,30.041
2572,7/28/18 16:15,30.016
2573,7/28/18 16:20,30.016
2574,7/28/18 16:25,29.991
2575,7/28/18 16:30,29.941
2576,7/28/18 16:35,29.916
2577,7/28/18 16:40,29.89
2578,7/28/18 16:45,29.865
2579,7/28/18 16:50,29.84
2580,7/28/18 16:55,29.815
2581,7/28/18 17:00,29.765
2582,7/28/18 17:05,29.74
2583,7/28/18 17:10,29.715
2584,7/28/18 17:15,29.69
2585,7/28/18 17:20,29.715
2586,7/28/18 17:25,29.715
2587,7/28/18 17:30,29.715
2588,7/28/18 17:35,29.74
2589,7/28/18 17:40,29.715
2590,7/28/18 17:45,29.665
2591,7/28/18 17:50,29.64
2592,7/28/18 17:55,29.64
2593,7/28/18 18:00,29.64
2594,7/28/18 18:05,29.64
2595,7/28/18 18:10,29.59
2596,7/28/18 18:15,29.565
2597,7/28/18 18:20,29.54
2598,7/28/18 18:25,29.49
2599,7/28/18 18:30,29.439
2600,7/28/18 18:35,29.439
2601,7/28/18 18:40,29.414
2602,7/28/18 18:45,29.389
2603,7/28/18 18:50,29.365
2604,7/28/18 18:55,29.365
2605,7/28/18 19:00,29.34
2606,7/28/18 19:05,29.315
2607,7/28/18 19:10,29.315
2608,7/28/18 19:15,29.315
2609,7/28/18 19:20,29.29
2610,7/28/18 19:25,29.265
2611,7/28/18 19:30,29.265
2612,7/28/18 19:35,29.265
2613,7/28/18 19:40,29.24
2614,7/28/18 19:45,29.24
2615,7/28/18 19:50,29.215
2616,7/28/18 19:55,29.215
2617,7/28/18 20:00,29.19
2618,7/28/18 20:05,29.19
2619,7/28/18 20:10,29.165
2620,7/28/18 20:15,29.14
2621,7/28/18 20:20,29.115
2622,7/28/18 20:25,29.09
2623,7/28/18 20:30,29.065
2624,7/28/18 20:35,29.04
2625,7/28/18 20:40,29.04
2626,7/28/18 20:45,29.015
2627,7/28/18 20:50,29.015
2628,7/28/18 20:55,28.99
2629,7/28/18 21:00,28.941
2630,7/28/18 21:05,28.941
2631,7/28/18 21:10,28.916
2632,7/28/18 21:15,28.916
2633,7/28/18 21:20,28.891
2634,7/28/18 21:25,28.891
2635,7/28/18 21:30,28.841
2636,7/28/18 21:35,28.841
2637,7/28/18 21:40,28.816
2638,7/28/18 21:45,28.816
2639,7/28/18 21:50,28.791
2640,7/28/18 21:55,28.766
2641,7/28/18 22:00,28.766
2642,7/28/18 22:05,28.742
2643,7/28/18 22:10,28.742
2644,7/28/18 22:15,28.717
2645,7/28/18 22:20,28.717
2646,7/28/18 22:25,28.692
2647,7/28/18 22:30,28.692
2648,7/28/18 22:35,28.692
2649,7/28/18 22:40,28.667
2650,7/28/18 22:45,28.642
2651,7/28/18 22:50,28.642
2652,7/28/18 22:55,28.642
2653,7/28/18 23:00,28.617
2654,7/28/18 23:05,28.617
2655,7/28/18 23:10,28.617
2656,7/28/18 23:15,28.593
2657,7/28/18 23:20,28.593
2658,7/28/18 23:25,28.593
2659,7/28/18 23:30,28.568
2660,7/28/18 23:35,28.568
2661,7/28/18 23:40,28.568
2662,7/28/18 23:45,28.568
2663,7/28/18 23:50,28.568
2664,7/28/18 23:55,28.543
2665,7/29/18 0:00,28.543
2666,7/29/18 0:05,28.518
2667,7/29/18 0:10,28.518
2668,7/29/18 0:15,28.518
2669,7/29/18 0:20,28.518
2670,7/29/18 0:25,28.493
2671,7/29/18 0:30,28.493
2672,7/29/18 0:35,28.493
2673,7/29/18 0:40,28.493
2674,7/29/18 0:45,28.468
2675,7/29/18 0:50,28.468
2676,7/29/18 0:55,28.468
2677,7/29/18 1:00,28.468
2678,7/29/18 1:05,28.444
2679,7/29/18 1:10,28.444
2680,7/29/18 1:15,28.444
2681,7/29/18 1:20,28.419
2682,7/29/18 1:25,28.419
2683,7/29/18 1:30,28.419
2684,7/29/18 1:35,28.419
2685,7/29/18 1:40,28.419
2686,7/29/18 1:45,28.394
2687,7/29/18 1:50,28.394
2688,7/29/18 1:55,28.369
2689,7/29/18 2:00,28.369
2690,7/29/18 2:05,28.369
2691,7/29/18 2:10,28.345
2692,7/29/18 2:15,28.345
2693,7/29/18 2:20,28.345
2694,7/29/18 2:25,28.345
2695,7/29/18 2:30,28.32
2696,7/29/18 2:35,28.32
2697,7/29/18 2:40,28.32
2698,7/29/18 2:45,28.295
2699,7/29/18 2:50,28.295
2700,7/29/18 2:55,28.27
2701,7/29/18 3:00,28.27
2702,7/29/18 3:05,28.27
2703,7/29/18 3:10,28.245
2704,7/29/18 3:15,28.245
2705,7/29/18 3:20,28.245
2706,7/29/18 3:25,28.221
2707,7/29/18 3:30,28.221
2708,7/29/18 3:35,28.221
2709,7/29/18 3:40,28.221
2710,7/29/18 3:45,28.196
2711,7/29/18 3:50,28.196
2712,7/29/18 3:55,28.196
2713,7/29/18 4:00,28.171
2714,7/29/18 4:05,28.171
2715,7/29/18 4:10,28.147
2716,7/29/18 4:15,28.147
2717,7/29/18 4:20,28.147
2718,7/29/18 4:25,28.147
2719,7/29/18 4:30,28.147
2720,7/29/18 4:35,28.122
2721,7/29/18 4:40,28.122
2722,7/29/18 4:45,28.122
2723,7/29/18 4:50,28.097
2724,7/29/18 4:55,28.097
2725,7/29/18 5:00,28.097
2726,7/29/18 5:05,28.072
2727,7/29/18 5:10,28.097
2728,7/29/18 5:15,28.072
2729,7/29/18 5:20,28.072
2730,7/29/18 5:25,28.048
2731,7/29/18 5:30,28.048
2732,7/29/18 5:35,28.048
2733,7/29/18 5:40,28.023
2734,7/29/18 5:45,28.023
2735,7/29/18 5:50,28.023
2736,7/29/18 5:55,28.023
2737,7/29/18 6:00,27.998
2738,7/29/18 6:05,27.998
2739,7/29/18 6:10,27.974
2740,7/29/18 6:15,27.974
2741,7/29/18 6:20,27.974
2742,7/29/18 6:25,27.974
2743,7/29/18 6:30,27.949
2744,7/29/18 6:35,27.949
2745,7/29/18 6:40,27.924
2746,7/29/18 6:45,27.924
2747,7/29/18 6:50,27.924
2748,7/29/18 6:55,27.924
2749,7/29/18 7:00,27.924
2750,7/29/18 7:05,27.924
2751,7/29/18 7:10,27.924
2752,7/29/18 7:15,27.899
2753,7/29/18 7:20,27.899
2754,7/29/18 7:25,27.899
2755,7/29/18 7:30,27.899
2756,7/29/18 7:35,27.899
2757,7/29/18 7:40,27.899
2758,7/29/18 7:45,27.899
2759,7/29/18 7:50,27.899
2760,7/29/18 7:55,27.899
2761,7/29/18 8:00,27.899
2762,7/29/18 8:05,27.899
2763,7/29/18 8:10,27.924
2764,7/29/18 8:15,27.924
2765,7/29/18 8:20,27.924
2766,7/29/18 8:25,27.924
2767,7/29/18 8:30,27.949
2768,7/29/18 8:35,27.924
2769,7/29/18 8:40,27.949
2770,7/29/18 8:45,27.974
2771,7/29/18 8:50,27.974
2772,7/29/18 8:55,27.998
2773,7/29/18 9:00,28.023
2774,7/29/18 9:05,28.072
2775,7/29/18 9:10,28.097
2776,7/29/18 9:15,28.097
2777,7/29/18 9:20,28.097
2778,7/29/18 9:25,28.122
2779,7/29/18 9:30,28.122
2780,7/29/18 9:35,28.122
2781,7/29/18 9:40,28.147
2782,7/29/18 9:45,28.196
2783,7/29/18 9:50,28.221
2784,7/29/18 9:55,28.245
2785,7/29/18 10:00,28.295
2786,7/29/18 10:05,28.32
2787,7/29/18 10:10,28.345
2788,7/29/18 10:15,28.369
2789,7/29/18 10:20,28.394
2790,7/29/18 10:25,28.419
2791,7/29/18 10:30,28.468
2792,7/29/18 10:35,28.518
2793,7/29/18 10:40,28.493
2794,7/29/18 10:45,28.593
2795,7/29/18 10:50,28.617
2796,7/29/18 10:55,28.692
2797,7/29/18 11:00,28.717
2798,7/29/18 11:05,28.742
2799,7/29/18 11:10,28.766
2800,7/29/18 11:15,28.791
2801,7/29/18 11:20,28.841
2802,7/29/18 11:25,28.916
2803,7/29/18 11:30,28.99
2804,7/29/18 11:35,29.015
2805,7/29/18 11:40,29.04
2806,7/29/18 11:45,29.09
2807,7/29/18 11:50,29.115
2808,7/29/18 11:55,29.14
2809,7/29/18 12:00,29.165
2810,7/29/18 12:05,29.165
2811,7/29/18 12:10,29.165
2812,7/29/18 12:15,29.215
2813,7/29/18 12:20,29.265
2814,7/29/18 12:25,29.315
2815,7/29/18 12:30,29.389
2816,7/29/18 12:35,29.414
2817,7/29/18 12:40,29.49
2818,7/29/18 12:45,29.515
2819,7/29/18 12:50,29.59
2820,7/29/18 12:55,29.64
2821,7/29/18 13:00,29.69
2822,7/29/18 13:05,29.59
2823,7/29/18 13:10,29.715
2824,7/29/18 13:15,29.74
2825,7/29/18 13:20,29.79
2826,7/29/18 13:25,29.79
2827,7/29/18 13:30,29.865
2828,7/29/18 13:35,29.916
2829,7/29/18 13:40,29.991
2830,7/29/18 13:45,30.041
2831,7/29/18 13:50,30.066
2832,7/29/18 13:55,30.091
2833,7/29/18 14:00,30.167
2834,7/29/18 14:05,30.217
2835,7/29/18 14:10,30.268
2836,7/29/18 14:15,30.293
2837,7/29/18 14:20,30.293
2838,7/29/18 14:25,30.268
2839,7/29/18 14:30,30.268
2840,7/29/18 14:35,30.217
2841,7/29/18 14:40,30.293
2842,7/29/18 14:45,30.217
2843,7/29/18 14:50,30.52
2844,7/29/18 14:55,30.394
2845,7/29/18 15:00,30.394
2846,7/29/18 15:05,30.571
2847,7/29/18 15:10,30.621
2848,7/29/18 15:15,30.495
2849,7/29/18 15:20,30.495
2850,7/29/18 15:25,30.369
2851,7/29/18 15:30,30.268
2852,7/29/18 15:35,30.192
2853,7/29/18 15:40,30.167
2854,7/29/18 15:45,30.117
2855,7/29/18 15:50,30.117
2856,7/29/18 15:55,30.066
2857,7/29/18 16:00,30.066
2858,7/29/18 16:05,29.991
2859,7/29/18 16:10,29.941
2860,7/29/18 16:15,29.941
2861,7/29/18 16:20,29.916
2862,7/29/18 16:25,29.89
2863,7/29/18 16:30,29.865
2864,7/29/18 16:35,29.84
2865,7/29/18 16:40,29.815
2866,7/29/18 16:45,29.765
2867,7/29/18 16:50,29.765
2868,7/29/18 16:55,29.74
2869,7/29/18 17:00,29.74
2870,7/29/18 17:05,29.715
2871,7/29/18 17:10,29.715
2872,7/29/18 17:15,29.69
2873,7/29/18 17:20,29.69
2874,7/29/18 17:25,29.665
2875,7/29/18 17:30,29.715
2876,7/29/18 17:35,29.74
2877,7/29/18 17:40,29.715
2878,7/29/18 17:45,29.665
2879,7/29/18 17:50,29.64
2880,7/29/18 17:55,29.59
2881,7/29/18 18:00,29.64
2882,7/29/18 18:05,29.665
2883,7/29/18 18:10,29.64
2884,7/29/18 18:15,29.59
2885,7/29/18 18:20,29.59
2886,7/29/18 18:25,29.59
2887,7/29/18 18:30,29.54
2888,7/29/18 18:35,29.515
2889,7/29/18 18:40,29.515
2890,7/29/18 18:45,29.515
2891,7/29/18 18:50,29.49
2892,7/29/18 18:55,29.464
2893,7/29/18 19:00,29.464
2894,7/29/18 19:05,29.439
2895,7/29/18 19:10,29.414
2896,7/29/18 19:15,29.414
2897,7/29/18 19:20,29.389
2898,7/29/18 19:25,29.389
2899,7/29/18 19:30,29.389
2900,7/29/18 19:35,29.34
2901,7/29/18 19:40,29.34
2902,7/29/18 19:45,29.315
2903,7/29/18 19:50,29.315
2904,7/29/18 19:55,29.29
2905,7/29/18 20:00,29.265
2906,7/29/18 20:05,29.24
2907,7/29/18 20:10,29.24
2908,7/29/18 20:15,29.215
2909,7/29/18 20:20,29.19
2910,7/29/18 20:25,29.19
2911,7/29/18 20:30,29.165
2912,7/29/18 20:35,29.14
2913,7/29/18 20:40,29.09
2914,7/29/18 20:45,29.09
2915,7/29/18 20:50,29.065
2916,7/29/18 20:55,29.065
2917,7/29/18 21:00,29.04
2918,7/29/18 21:05,29.015
2919,7/29/18 21:10,28.99
2920,7/29/18 21:15,28.965
2921,7/29/18 21:20,28.965
2922,7/29/18 21:25,28.965
2923,7/29/18 21:30,28.941
2924,7/29/18 21:35,28.965
2925,7/29/18 21:40,28.941
2926,7/29/18 21:45,28.941
2927,7/29/18 21:50,28.916
2928,7/29/18 21:55,28.916
2929,7/29/18 22:00,28.891
2930,7/29/18 22:05,28.891
2931,7/29/18 22:10,28.891
2932,7/29/18 22:15,28.866
2933,7/29/18 22:20,28.866
2934,7/29/18 22:25,28.866
2935,7/29/18 22:30,28.841
2936,7/29/18 22:35,28.841
2937,7/29/18 22:40,28.841
2938,7/29/18 22:45,28.816
2939,7/29/18 22:50,28.816
2940,7/29/18 22:55,28.816
2941,7/29/18 23:00,28.791
2942,7/29/18 23:05,28.791
2943,7/29/18 23:10,28.766
2944,7/29/18 23:15,28.766
2945,7/29/18 23:20,28.742
2946,7/29/18 23:25,28.742
2947,7/29/18 23:30,28.717
2948,7/29/18 23:35,28.717
2949,7/29/18 23:40,28.692
2950,7/29/18 23:45,28.692
2951,7/29/18 23:50,28.692
2952,7/29/18 23:55,28.692
2953,7/30/18 0:00,28.692
2954,7/30/18 0:05,28.667
2955,7/30/18 0:10,28.667
2956,7/30/18 0:15,28.667
2957,7/30/18 0:20,28.667
2958,7/30/18 0:25,28.667
2959,7/30/18 0:30,28.642
2960,7/30/18 0:35,28.642
2961,7/30/18 0:40,28.642
2962,7/30/18 0:45,28.617
2963,7/30/18 0:50,28.617
2964,7/30/18 0:55,28.617
2965,7/30/18 1:00,28.617
2966,7/30/18 1:05,28.617
2967,7/30/18 1:10,28.593
2968,7/30/18 1:15,28.593
2969,7/30/18 1:20,28.593
2970,7/30/18 1:25,28.593
2971,7/30/18 1:30,28.593
2972,7/30/18 1:35,28.593
2973,7/30/18 1:40,28.568
2974,7/30/18 1:45,28.568
2975,7/30/18 1:50,28.568
2976,7/30/18 1:55,28.568
2977,7/30/18 2:00,28.543
2978,7/30/18 2:05,28.543
2979,7/30/18 2:10,28.518
2980,7/30/18 2:15,28.518
2981,7/30/18 2:20,28.518
2982,7/30/18 2:25,28.493
2983,7/30/18 2:30,28.493
2984,7/30/18 2:35,28.493
2985,7/30/18 2:40,28.468
2986,7/30/18 2:45,28.444
2987,7/30/18 2:50,28.468
2988,7/30/18 2:55,28.468
2989,7/30/18 3:00,28.419
2990,7/30/18 3:05,28.444
2991,7/30/18 3:10,28.444
2992,7/30/18 3:15,28.419
2993,7/30/18 3:20,28.419
2994,7/30/18 3:25,28.419
2995,7/30/18 3:30,28.419
2996,7/30/18 3:35,28.419
2997,7/30/18 3:40,28.419
2998,7/30/18 3:45,28.419
2999,7/30/18 3:50,28.419
3000,7/30/18 3:55,28.394
3001,7/30/18 4:00,28.394
3002,7/30/18 4:05,28.394
3003,7/30/18 4:10,28.394
3004,7/30/18 4:15,28.369
3005,7/30/18 4:20,28.394
3006,7/30/18 4:25,28.394
3007,7/30/18 4:30,28.369
3008,7/30/18 4:35,28.394
3009,7/30/18 4:40,28.369
3010,7/30/18 4:45,28.369
3011,7/30/18 4:50,28.369
3012,7/30/18 4:55,28.345
3013,7/30/18 5:00,28.345
3014,7/30/18 5:05,28.345
3015,7/30/18 5:10,28.32
3016,7/30/18 5:15,28.345
3017,7/30/18 5:20,28.32
3018,7/30/18 5:25,28.32
3019,7/30/18 5:30,28.32
3020,7/30/18 5:35,28.295
3021,7/30/18 5:40,28.27
3022,7/30/18 5:45,28.27
3023,7/30/18 5:50,28.27
3024,7/30/18 5:55,28.245
3025,7/30/18 6:00,28.245
3026,7/30/18 6:05,28.196
3027,7/30/18 6:10,28.196
3028,7/30/18 6:15,28.171
3029,7/30/18 6:20,28.122
3030,7/30/18 6:25,28.147
3031,7/30/18 6:30,28.122
3032,7/30/18 6:35,28.122
3033,7/30/18 6:40,28.097
3034,7/30/18 6:45,28.072
3035,7/30/18 6:50,28.072
3036,7/30/18 6:55,28.048
3037,7/30/18 7:00,28.048
3038,7/30/18 7:05,28.048
3039,7/30/18 7:10,28.023
3040,7/30/18 7:15,28.023
3041,7/30/18 7:20,28.023
3042,7/30/18 7:25,28.023
3043,7/30/18 7:30,28.023
3044,7/30/18 7:35,27.974
3045,7/30/18 7:40,27.998
3046,7/30/18 7:45,27.998
3047,7/30/18 7:50,27.998
3048,7/30/18 7:55,27.998
3049,7/30/18 8:00,27.998
3050,7/30/18 8:05,27.974
3051,7/30/18 8:10,27.998
3052,7/30/18 8:15,28.023
3053,7/30/18 8:20,27.998
3054,7/30/18 8:25,28.023
3055,7/30/18 8:30,27.998
3056,7/30/18 8:35,27.974
3057,7/30/18 8:40,27.998
3058,7/30/18 8:45,28.023
3059,7/30/18 8:50,28.048
3060,7/30/18 8:55,28.048
3061,7/30/18 9:00,28.048
3062,7/30/18 9:05,28.072
3063,7/30/18 9:10,28.097
3064,7/30/18 9:15,28.097
3065,7/30/18 9:20,28.122
3066,7/30/18 9:25,28.122
3067,7/30/18 9:30,28.171
3068,7/30/18 9:35,28.171
3069,7/30/18 9:40,28.221
3070,7/30/18 9:45,28.221
3071,7/30/18 9:50,28.245
3072,7/30/18 9:55,28.27
3073,7/30/18 10:00,28.27
3074,7/30/18 10:05,28.27
3075,7/30/18 10:10,28.32
3076,7/30/18 10:15,28.369
3077,7/30/18 10:20,28.394
3078,7/30/18 10:25,28.419
3079,7/30/18 10:30,28.444
3080,7/30/18 10:35,28.493
3081,7/30/18 10:40,28.543
3082,7/30/18 10:45,28.593
3083,7/30/18 10:50,28.642
3084,7/30/18 10:55,28.692
3085,7/30/18 11:00,28.766
3086,7/30/18 11:05,28.791
3087,7/30/18 11:10,28.791
3088,7/30/18 11:15,28.816
3089,7/30/18 11:20,28.891
3090,7/30/18 11:25,28.891
3091,7/30/18 11:30,28.99
3092,7/30/18 11:35,29.065
3093,7/30/18 11:40,29.09
3094,7/30/18 11:45,29.115
3095,7/30/18 11:50,29.14
3096,7/30/18 11:55,29.14
3097,7/30/18 12:00,29.165
3098,7/30/18 12:05,29.165
3099,7/30/18 12:10,29.19
3100,7/30/18 12:15,29.165
3101,7/30/18 12:20,29.215
3102,7/30/18 12:25,29.265
3103,7/30/18 12:30,29.34
3104,7/30/18 12:35,29.389
3105,7/30/18 12:40,29.414
3106,7/30/18 12:45,29.365
3107,7/30/18 12:50,29.315
3108,7/30/18 12:55,29.315
3109,7/30/18 13:00,29.34
3110,7/30/18 13:05,29.34
3111,7/30/18 13:10,29.389
3112,7/30/18 13:15,29.365
3113,7/30/18 13:20,29.439
3114,7/30/18 13:25,29.464
3115,7/30/18 13:30,29.515
3116,7/30/18 13:35,29.439
3117,7/30/18 13:40,29.515
3118,7/30/18 13:45,29.54
3119,7/30/18 13:50,29.515
3120,7/30/18 13:55,29.49
3121,7/30/18 14:00,29.414
3122,7/30/18 14:05,29.389
3123,7/30/18 14:10,29.49
3124,7/30/18 14:15,29.54
3125,7/30/18 14:20,29.615
3126,7/30/18 14:25,29.64
3127,7/30/18 14:30,29.64
3128,7/30/18 14:35,29.64
3129,7/30/18 14:40,29.665
3130,7/30/18 14:45,29.64
3131,7/30/18 14:50,29.64
3132,7/30/18 14:55,29.64
3133,7/30/18 15:00,29.615
3134,7/30/18 15:05,29.59
3135,7/30/18 15:10,29.565
3136,7/30/18 15:15,29.54
3137,7/30/18 15:20,29.54
3138,7/30/18 15:25,29.54
3139,7/30/18 15:30,29.515
3140,7/30/18 15:35,29.49
3141,7/30/18 15:40,29.439
3142,7/30/18 15:45,29.414
3143,7/30/18 15:50,29.389
3144,7/30/18 15:55,29.365
3145,7/30/18 16:00,29.34
3146,7/30/18 16:05,29.315
3147,7/30/18 16:10,29.29
3148,7/30/18 16:15,29.265
3149,7/30/18 16:20,29.215
3150,7/30/18 16:25,29.19
3151,7/30/18 16:30,29.165
3152,7/30/18 16:35,29.165
3153,7/30/18 16:40,29.115
3154,7/30/18 16:45,29.115
3155,7/30/18 16:50,29.09
3156,7/30/18 16:55,29.065
3157,7/30/18 17:00,29.04
3158,7/30/18 17:05,29.015
3159,7/30/18 17:10,28.99
3160,7/30/18 17:15,28.99
3161,7/30/18 17:20,28.965
3162,7/30/18 17:25,28.965
3163,7/30/18 17:30,28.965
3164,7/30/18 17:35,29.015
3165,7/30/18 17:40,28.965
3166,7/30/18 17:45,28.916
3167,7/30/18 17:50,28.965
3168,7/30/18 17:55,28.916
3169,7/30/18 18:00,28.891
3170,7/30/18 18:05,28.866
3171,7/30/18 18:10,28.841
3172,7/30/18 18:15,28.866
3173,7/30/18 18:20,28.841
3174,7/30/18 18:25,28.791
3175,7/30/18 18:30,28.791
3176,7/30/18 18:35,28.766
3177,7/30/18 18:40,28.742
3178,7/30/18 18:45,28.742
3179,7/30/18 18:50,28.717
3180,7/30/18 18:55,28.692
3181,7/30/18 19:00,28.692
3182,7/30/18 19:05,28.667
3183,7/30/18 19:10,28.642
3184,7/30/18 19:15,28.617
3185,7/30/18 19:20,28.617
3186,7/30/18 19:25,28.593
3187,7/30/18 19:30,28.568
3188,7/30/18 19:35,28.568
3189,7/30/18 19:40,28.543
3190,7/30/18 19:45,28.518
3191,7/30/18 19:50,28.518
3192,7/30/18 19:55,28.493
3193,7/30/18 20:00,28.493
3194,7/30/18 20:05,28.468
3195,7/30/18 20:10,28.444
3196,7/30/18 20:15,28.444
3197,7/30/18 20:20,28.444
3198,7/30/18 20:25,28.419
3199,7/30/18 20:30,28.419
3200,7/30/18 20:35,28.394
3201,7/30/18 20:40,28.394
3202,7/30/18 20:45,28.369
3203,7/30/18 20:50,28.369
3204,7/30/18 20:55,28.369
3205,7/30/18 21:00,28.369
3206,7/30/18 21:05,28.369
3207,7/30/18 21:10,28.345
3208,7/30/18 21:15,28.345
3209,7/30/18 21:20,28.345
3210,7/30/18 21:25,28.345
3211,7/30/18 21:30,28.32
3212,7/30/18 21:35,28.32
3213,7/30/18 21:40,28.32
3214,7/30/18 21:45,28.32
3215,7/30/18 21:50,28.32
3216,7/30/18 21:55,28.32
3217,7/30/18 22:00,28.295
3218,7/30/18 22:05,28.295
3219,7/30/18 22:10,28.295
3220,7/30/18 22:15,28.27
3221,7/30/18 22:20,28.27
3222,7/30/18 22:25,28.27
3223,7/30/18 22:30,28.27
3224,7/30/18 22:35,28.27
3225,7/30/18 22:40,28.245
3226,7/30/18 22:45,28.245
3227,7/30/18 22:50,28.245
3228,7/30/18 22:55,28.245
3229,7/30/18 23:00,28.245
3230,7/30/18 23:05,28.245
3231,7/30/18 23:10,28.221
3232,7/30/18 23:15,28.221
3233,7/30/18 23:20,28.221
3234,7/30/18 23:25,28.221
3235,7/30/18 23:30,28.221
3236,7/30/18 23:35,28.196
3237,7/30/18 23:40,28.196
3238,7/30/18 23:45,28.196
3239,7/30/18 23:50,28.196
3240,7/30/18 23:55,28.196
3241,7/31/18 0:00,28.196
3242,7/31/18 0:05,28.196
3243,7/31/18 0:10,28.171
3244,7/31/18 0:15,28.171
3245,7/31/18 0:20,28.171
3246,7/31/18 0:25,28.171
3247,7/31/18 0:30,28.171
3248,7/31/18 0:35,28.171
3249,7/31/18 0:40,28.171
3250,7/31/18 0:45,28.147
3251,7/31/18 0:50,28.147
3252,7/31/18 0:55,28.147
3253,7/31/18 1:00,28.147
3254,7/31/18 1:05,28.147
3255,7/31/18 1:10,28.147
3256,7/31/18 1:15,28.147
3257,7/31/18 1:20,28.147
3258,7/31/18 1:25,28.122
3259,7/31/18 1:30,28.122
3260,7/31/18 1:35,28.122
3261,7/31/18 1:40,28.122
3262,7/31/18 1:45,28.122
3263,7/31/18 1:50,28.122
3264,7/31/18 1:55,28.122
3265,7/31/18 2:00,28.122
3266,7/31/18 2:05,28.122
3267,7/31/18 2:10,28.122
3268,7/31/18 2:15,28.122
3269,7/31/18 2:20,28.122
3270,7/31/18 2:25,28.122
3271,7/31/18 2:30,28.122
3272,7/31/18 2:35,28.097
3273,7/31/18 2:40,28.097
3274,7/31/18 2:45,28.097
3275,7/31/18 2:50,28.072
3276,7/31/18 2:55,28.072
3277,7/31/18 3:00,28.072
3278,7/31/18 3:05,28.048
3279,7/31/18 3:10,28.048
3280,7/31/18 3:15,28.048
3281,7/31/18 3:20,28.023
3282,7/31/18 3:25,28.023
3283,7/31/18 3:30,27.998
3284,7/31/18 3:35,27.998
3285,7/31/18 3:40,27.998
3286,7/31/18 3:45,27.974
3287,7/31/18 3:50,27.974
3288,7/31/18 3:55,27.974
3289,7/31/18 4:00,27.974
3290,7/31/18 4:05,27.949
3291,7/31/18 4:10,27.924
3292,7/31/18 4:15,27.924
3293,7/31/18 4:20,27.924
3294,7/31/18 4:25,27.924
3295,7/31/18 4:30,27.899
3296,7/31/18 4:35,27.899
3297,7/31/18 4:40,27.875
3298,7/31/18 4:45,27.875
3299,7/31/18 4:50,27.85
3300,7/31/18 4:55,27.85
3301,7/31/18 5:00,27.85
3302,7/31/18 5:05,27.825
3303,7/31/18 5:10,27.825
3304,7/31/18 5:15,27.825
3305,7/31/18 5:20,27.801
3306,7/31/18 5:25,27.801
3307,7/31/18 5:30,27.801
3308,7/31/18 5:35,27.776
3309,7/31/18 5:40,27.776
3310,7/31/18 5:45,27.751
3311,7/31/18 5:50,27.751
3312,7/31/18 5:55,27.751
3313,7/31/18 6:00,27.751
3314,7/31/18 6:05,27.727
3315,7/31/18 6:10,27.727
3316,7/31/18 6:15,27.727
3317,7/31/18 6:20,27.727
3318,7/31/18 6:25,27.727
3319,7/31/18 6:30,27.727
3320,7/31/18 6:35,27.727
3321,7/31/18 6:40,27.702
3322,7/31/18 6:45,27.702
3323,7/31/18 6:50,27.702
3324,7/31/18 6:55,27.702
3325,7/31/18 7:00,27.702
3326,7/31/18 7:05,27.677
3327,7/31/18 7:10,27.677
3328,7/31/18 7:15,27.677
3329,7/31/18 7:20,27.677
3330,7/31/18 7:25,27.677
3331,7/31/18 7:30,27.677
3332,7/31/18 7:35,27.677
3333,7/31/18 7:40,27.653
3334,7/31/18 7:45,27.653
3335,7/31/18 7:50,27.653
3336,7/31/18 7:55,27.653
3337,7/31/18 8:00,27.677
3338,7/31/18 8:05,27.677
3339,7/31/18 8:10,27.677
3340,7/31/18 8:15,27.677
3341,7/31/18 8:20,27.677
3342,7/31/18 8:25,27.677
3343,7/31/18 8:30,27.702
3344,7/31/18 8:35,27.702
3345,7/31/18 8:40,27.727
3346,7/31/18 8:45,27.751
3347,7/31/18 8:50,27.751
3348,7/31/18 8:55,27.776
3349,7/31/18 9:00,27.801
3350,7/31/18 9:05,27.825
3351,7/31/18 9:10,27.825
3352,7/31/18 9:15,27.85
3353,7/31/18 9:20,27.875
3354,7/31/18 9:25,27.899
3355,7/31/18 9:30,27.924
3356,7/31/18 9:35,27.924
3357,7/31/18 9:40,27.974
3358,7/31/18 9:45,27.998
3359,7/31/18 9:50,28.023
3360,7/31/18 9:55,28.072
3361,7/31/18 10:00,28.097
3362,7/31/18 10:05,28.122
3363,7/31/18 10:10,28.122
3364,7/31/18 10:15,28.171
3365,7/31/18 10:20,28.196
3366,7/31/18 10:25,28.245
3367,7/31/18 10:30,28.295
3368,7/31/18 10:35,28.369
3369,7/31/18 10:40,28.419
3370,7/31/18 10:45,28.444
3371,7/31/18 10:50,28.394
3372,7/31/18 10:55,28.394
3373,7/31/18 11:00,28.419
3374,7/31/18 11:05,28.518
3375,7/31/18 11:10,28.568
3376,7/31/18 11:15,28.593
3377,7/31/18 11:20,28.642
3378,7/31/18 11:25,28.667
3379,7/31/18 11:30,28.692
3380,7/31/18 11:35,28.717
3381,7/31/18 11:40,28.717
3382,7/31/18 11:45,28.717
3383,7/31/18 11:50,28.717
3384,7/31/18 11:55,28.742
3385,7/31/18 12:00,28.816
3386,7/31/18 12:05,28.891
3387,7/31/18 12:10,28.965
3388,7/31/18 12:15,29.015
3389,7/31/18 12:20,29.09
3390,7/31/18 12:25,29.165
3391,7/31/18 12:30,29.215
3392,7/31/18 12:35,29.215
3393,7/31/18 12:40,29.265
3394,7/31/18 12:45,29.29
3395,7/31/18 12:50,29.29
3396,7/31/18 12:55,29.265
3397,7/31/18 13:00,29.29
3398,7/31/18 13:05,29.389
3399,7/31/18 13:10,29.49
3400,7/31/18 13:15,29.54
3401,7/31/18 13:20,29.59
3402,7/31/18 13:25,29.64
3403,7/31/18 13:30,29.69
3404,7/31/18 13:35,29.74
3405,7/31/18 13:40,29.79
3406,7/31/18 13:45,29.815
3407,7/31/18 13:50,29.84
3408,7/31/18 13:55,29.84
3409,7/31/18 14:00,29.84
3410,7/31/18 14:05,29.865
3411,7/31/18 14:10,29.941
3412,7/31/18 14:15,30.016
3413,7/31/18 14:20,30.066
3414,7/31/18 14:25,30.117
3415,7/31/18 14:30,30.142
3416,7/31/18 14:35,30.142
3417,7/31/18 14:40,30.167
3418,7/31/18 14:45,30.167
3419,7/31/18 14:50,30.091
3420,7/31/18 14:55,30.167
3421,7/31/18 15:00,30.142
3422,7/31/18 15:05,30.066
3423,7/31/18 15:10,30.066
3424,7/31/18 15:15,30.091
3425,7/31/18 15:20,30.091
3426,7/31/18 15:25,30.091
3427,7/31/18 15:30,30.091
3428,7/31/18 15:35,30.066
3429,7/31/18 15:40,30.066
3430,7/31/18 15:45,30.016
3431,7/31/18 15:50,29.991
3432,7/31/18 15:55,29.966
3433,7/31/18 16:00,29.941
3434,7/31/18 16:05,29.916
3435,7/31/18 16:10,29.916
3436,7/31/18 16:15,29.89
3437,7/31/18 16:20,29.89
3438,7/31/18 16:25,29.84
3439,7/31/18 16:30,29.815
3440,7/31/18 16:35,29.79
3441,7/31/18 16:40,29.79
3442,7/31/18 16:45,29.765
3443,7/31/18 16:50,29.765
3444,7/31/18 16:55,29.74
3445,7/31/18 17:00,29.715
3446,7/31/18 17:05,29.69
3447,7/31/18 17:10,29.665
3448,7/31/18 17:15,29.665
3449,7/31/18 17:20,29.64
3450,7/31/18 17:25,29.615
3451,7/31/18 17:30,29.615
3452,7/31/18 17:35,29.59
3453,7/31/18 17:40,29.565
3454,7/31/18 17:45,29.565
3455,7/31/18 17:50,29.59
3456,7/31/18 17:55,29.59
3457,7/31/18 18:00,29.515
3458,7/31/18 18:05,29.49
3459,7/31/18 18:10,29.49
3460,7/31/18 18:15,29.49
3461,7/31/18 18:20,29.439
3462,7/31/18 18:25,29.414
3463,7/31/18 18:30,29.389
3464,7/31/18 18:35,29.389
3465,7/31/18 18:40,29.389
3466,7/31/18 18:45,29.365
3467,7/31/18 18:50,29.365
3468,7/31/18 18:55,29.34
3469,7/31/18 19:00,29.34
3470,7/31/18 19:05,29.315
3471,7/31/18 19:10,29.815
3472,7/31/18 19:15,29.84
3473,7/31/18 19:20,29.84
3474,7/31/18 19:25,29.79
3475,7/31/18 19:30,29.765
3476,7/31/18 19:35,29.74
3477,7/31/18 19:40,29.715
3478,7/31/18 19:45,29.715
3479,7/31/18 19:50,29.615
3480,7/31/18 19:55,29.615
3481,7/31/18 20:00,29.59
3482,7/31/18 20:05,29.565
3483,7/31/18 20:10,29.54
3484,7/31/18 20:15,29.49
3485,7/31/18 20:20,29.464
3486,7/31/18 20:25,29.439
3487,7/31/18 20:30,29.439
3488,7/31/18 20:35,29.414
3489,7/31/18 20:40,29.414
3490,7/31/18 20:45,29.414
3491,7/31/18 20:50,29.414
3492,7/31/18 20:55,29.439
3493,7/31/18 21:00,29.414
3494,7/31/18 21:05,29.414
3495,7/31/18 21:10,29.389
3496,7/31/18 21:15,29.389
3497,7/31/18 21:20,29.34
3498,7/31/18 21:25,29.315
3499,7/31/18 21:30,29.29
3500,7/31/18 21:35,29.265
3501,7/31/18 21:40,29.24
3502,7/31/18 21:45,29.215
3503,7/31/18 21:50,29.215
3504,7/31/18 21:55,29.215
3505,7/31/18 22:00,29.24
3506,7/31/18 22:05,29.265
3507,7/31/18 22:10,29.29
3508,7/31/18 22:15,29.265
3509,7/31/18 22:20,29.24
3510,7/31/18 22:25,29.215
3511,7/31/18 22:30,29.19
3512,7/31/18 22:35,29.165
3513,7/31/18 22:40,29.14
3514,7/31/18 22:45,29.14
3515,7/31/18 22:50,29.14
3516,7/31/18 22:55,29.165
3517,7/31/18 23:00,29.14
3518,7/31/18 23:05,29.115
3519,7/31/18 23:10,29.115
3520,7/31/18 23:15,29.115
3521,7/31/18 23:20,29.115
3522,7/31/18 23:25,29.14
3523,7/31/18 23:30,29.14
3524,7/31/18 23:35,29.14
3525,7/31/18 23:40,29.165
3526,7/31/18 23:45,29.14
3527,7/31/18 23:50,29.14
3528,7/31/18 23:55,29.115
3529,8/1/18 0:00,29.115
3530,8/1/18 0:05,29.14
3531,8/1/18 0:10,29.14
3532,8/1/18 0:15,29.14
3533,8/1/18 0:20,29.14
3534,8/1/18 0:25,29.14
3535,8/1/18 0:30,29.14
3536,8/1/18 0:35,29.14
3537,8/1/18 0:40,29.14
3538,8/1/18 0:45,29.14
3539,8/1/18 0:50,29.14
3540,8/1/18 0:55,29.14
3541,8/1/18 1:00,29.14
3542,8/1/18 1:05,29.115
3543,8/1/18 1:10,29.115
3544,8/1/18 1:15,29.09
3545,8/1/18 1:20,29.09
3546,8/1/18 1:25,29.09
3547,8/1/18 1:30,29.065
3548,8/1/18 1:35,29.065
3549,8/1/18 1:40,29.065
3550,8/1/18 1:45,29.04
3551,8/1/18 1:50,29.04
3552,8/1/18 1:55,29.04
3553,8/1/18 2:00,29.04
3554,8/1/18 2:05,29.015
3555,8/1/18 2:10,29.015
3556,8/1/18 2:15,29.015
3557,8/1/18 2:20,29.015
3558,8/1/18 2:25,29.015
3559,8/1/18 2:30,28.99
3560,8/1/18 2:35,28.99
3561,8/1/18 2:40,28.99
3562,8/1/18 2:45,28.99
3563,8/1/18 2:50,28.99
3564,8/1/18 2:55,28.99
3565,8/1/18 3:00,28.965
3566,8/1/18 3:05,28.965
3567,8/1/18 3:10,28.941
3568,8/1/18 3:15,28.916
3569,8/1/18 3:20,28.916
3570,8/1/18 3:25,28.866
3571,8/1/18 3:30,28.866
3572,8/1/18 3:35,28.841
3573,8/1/18 3:40,28.841
3574,8/1/18 3:45,28.841
3575,8/1/18 3:50,28.866
3576,8/1/18 3:55,28.841
3577,8/1/18 4:00,28.816
3578,8/1/18 4:05,28.791
3579,8/1/18 4:10,28.791
3580,8/1/18 4:15,28.766
3581,8/1/18 4:20,28.766
3582,8/1/18 4:25,28.766
3583,8/1/18 4:30,28.766
3584,8/1/18 4:35,28.766
3585,8/1/18 4:40,28.742
3586,8/1/18 4:45,28.742
3587,8/1/18 4:50,28.717
3588,8/1/18 4:55,28.717
3589,8/1/18 5:00,28.692
3590,8/1/18 5:05,28.692
3591,8/1/18 5:10,28.692
3592,8/1/18 5:15,28.692
3593,8/1/18 5:20,28.667
3594,8/1/18 5:25,28.642
3595,8/1/18 5:30,28.642
3596,8/1/18 5:35,28.642
3597,8/1/18 5:40,28.642
3598,8/1/18 5:45,28.617
3599,8/1/18 5:50,28.593
3600,8/1/18 5:55,28.593
3601,8/1/18 6:00,28.593
3602,8/1/18 6:05,28.568
3603,8/1/18 6:10,28.568
3604,8/1/18 6:15,28.568
3605,8/1/18 6:20,28.568
3606,8/1/18 6:25,28.593
3607,8/1/18 6:30,28.593
3608,8/1/18 6:35,28.593
3609,8/1/18 6:40,28.568
3610,8/1/18 6:45,28.568
3611,8/1/18 6:50,28.543
3612,8/1/18 6:55,28.518
3613,8/1/18 7:00,28.518
3614,8/1/18 7:05,28.518
3615,8/1/18 7:10,28.518
3616,8/1/18 7:15,28.543
3617,8/1/18 7:20,28.568
3618,8/1/18 7:25,28.593
3619,8/1/18 7:30,28.617
3620,8/1/18 7:35,28.642
3621,8/1/18 7:40,28.642
3622,8/1/18 7:45,28.642
3623,8/1/18 7:50,28.667
3624,8/1/18 7:55,28.667
3625,8/1/18 8:00,28.667
3626,8/1/18 8:05,28.692
3627,8/1/18 8:10,28.692
3628,8/1/18 8:15,28.717
3629,8/1/18 8:20,28.717
3630,8/1/18 8:25,28.717
3631,8/1/18 8:30,28.742
3632,8/1/18 8:35,28.791
3633,8/1/18 8:40,28.816
3634,8/1/18 8:45,28.841
3635,8/1/18 8:50,28.866
3636,8/1/18 8:55,28.916
3637,8/1/18 9:00,28.965
3638,8/1/18 9:05,28.99
3639,8/1/18 9:10,29.015
3640,8/1/18 9:15,28.99
3641,8/1/18 9:20,29.165
3642,8/1/18 9:25,27.431
3643,8/1/18 9:30,26.304
3644,8/1/18 9:35,25.21
3645,8/1/18 9:40,24.557
3646,8/1/18 9:45,22.848
3647,8/1/18 9:50,21.772
3648,8/1/18 9:53,
3649,8/1/18 9:53,
3650,8/1/18 9:54,